ods_code,name,alt_names,type,region,ics,correspondent,url,access_notes,needs_playwright,pack_pattern_hints,exclude_patterns,last_validated,validation_status,validation_notes,predecessor_codes,merger_date,retrieval_route,group_board,group_board_url
RA2,Royal Surrey NHS Foundation Trust,Royal Surrey;Royal Surrey County Hospital NHS Foundation Trust;Royal Surrey County Hospital,Acute and Acute & Community Trusts,South East,Surrey Heartlands,Alison,https://www.royalsurrey.nhs.uk/board-papers/,,,,,,,,,,,,
RDR,Sussex Community NHS Foundation Trust,Sussex Community;SCFT,Community Trusts,South East,Sussex,Alison,https://www.sussexcommunity.nhs.uk/about-us/how-we-are-run/board-of-directors/board-meetings-and-papers,"The current landing IS the live archive; the shallow check only failed due to an intermittent WAF (connection-reset/403 against datacenter IPs) - a browser User-Agent plus retry gets clean static HTML, no JS needed. Board packs are Joomla-style download links /documents/{id}-{slug}/file that 302 to the actual PDF; the page lists the last ~12 months with dates spanning May/June/July 2026 (bi-monthly public board). Crawl the landing, collect /documents/*/file hrefs, prefer the one slugged plainly 'board-paper-{DD-month-YYYY}' as the main pack and treat extra-descriptor siblings as supplementary. A child page /board-meetings-and-papers/board-papers also exists but the landing already surfaces the dated links. ACCESS ROUTE (re-checked 2026-08-01): browser-UA curl from Dave's machine reaches the page (HTTP 200, 47KB of static HTML) while server-side WebFetch was refused 403 and the scanner's plain/Playwright fetches were connection-reset -- so retry with a browser User-Agent rather than treating a reset or a 403 as a dead URL. Re-verified 2026-09-05: WebFetch 403 once more while browser-UA curl got a clean 200 (47KB) listing board-paper-30th-july-2026 and forward dates into Nov 2026 - the browser-UA static route remains the reliable one, so keep treating a 403 or reset as a path problem rather than a dead URL. Re-verified 2026-09-12: the reset is intermittent, not persistent - the first browser-UA curl was connection-reset and a straight retry got HTTP 200 (47KB) with /documents/512-board-paper-30th-july-2026 still the newest pack and scheduled dates running to January 2028, so retry once before treating a reset as a dead URL.",False,/documents/ path;slug 'board-paper-{date}';'/file' suffix;application/pdf;large (>10MB) file size,"facebook.com/sharer;mailto:;slugs with extra descriptors (strategic-improvement-report, appendix, supplementary, register-of-interests)",2026-09-12,papers_found,"2026-09-12: the first browser-UA curl was connection-reset and an immediate retry returned HTTP 200 (47KB) with the archive intact - newest pack /documents/512-board-paper-30th-july-2026, forward meeting dates listed to January 2028.",,,,,
RN7,Dartford and Gravesham NHS Trust,Dartford and Gravesham;Dartford Gravesham;DARENT,Acute and Acute & Community Trusts,South East,Kent and Medway,Alison,https://www.dgt.nhs.uk/about-us/trust-management/trust-boardmanagement/trust-board-minutesagendas,,,,,,,,,,,,
RPA,Medway NHS Foundation Trust,Medway;MFT Medway,Acute and Acute & Community Trusts,South East,Kent and Medway,Alison,https://www.medway.nhs.uk/about-us/board-meetings/,,,,,,,,,,,,
RPC,Queen Victoria Hospital NHS Foundation Trust,Queen Victoria Hospital,Acute Specialist Trusts,South East,Sussex,Alison,https://www.qvh.nhs.uk/about-us/board-of-directors/meetings-in-public/,"The live landing /about-us/board-of-directors/meetings-in-public/ lists one entry per meeting ('Meeting papers: <date>') as sub-pages, newest first, spanning 2025 and 2026 in a single flat list (no per-year archives). Each sub-page links to the single combined public board pack PDF. Packs also live at a predictable direct path www.qvh.nhs.uk/wp-content/uploads/YYYY/MM/Papers-PUBLIC-Board-<...>.pdf, so a crawler can grab those directly. WebFetch renders the full meeting list statically, so Playwright is not required; prefer the one large combined 'Papers-PUBLIC-Board' PDF per meeting and skip individual annexes. Re-verified 2026-09-12 by browser-UA curl (200, 99KB): meeting sub-pages still listed newest-first, latest held 23 July 2026 with dates scheduled into March 2027.",False,Papers-PUBLIC-Board;PUBLIC Board <month> <year>;Bundle Public Board,Q&A;Observer note;FOI;Minutes only;Agenda only;private/confidential board,2026-09-19,papers_found,"Re-confirmed 2026-09-19 by search-index evidence: the DB landing is live and indexed, and the documented predictable pack path resolves (e.g. /wp-content/uploads/2026/02/Papers-PUBLIC-Board-12-February-2026.pdf). Direct fetch was refused from this machine.",,,,,
RTK,Ashford and St Peter's Hospitals NHS Foundation Trust,Ashford and St Peter's Hospitals;Ashford St Peters;ASPH,Acute and Acute & Community Trusts,South East,Surrey Heartlands,Alison,https://www.ashfordstpeters.nhs.uk/board-meetings,"The /meetings page is an overview; the true archive is /board-meetings which lists every Trust Board meeting back to 2013 as month+year links (e.g. /board-meetings/3617-trust-board-3rd-june-2026). Each meeting page renders a numbered table of Agenda + Paper PDFs. Crucially the PDFs are hosted on the sister domain www.ashfordstpeters.info under /images/board-papers/YYYY-MM-DD/ (note .info not .nhs.uk). Static WebFetch works fine, no WAF; crawl /board-meetings, follow each meeting slug, scrape .info PDF links.",False,ashfordstpeters.info/images/board-papers/{YYYY-MM-DD}/Agenda-{Mon}-{YYYY}.pdf;ashfordstpeters.info/images/board-papers/{YYYY-MM-DD}/Paper{n}-{Title}-{Mon}-{YYYY}.pdf,register-of-interests;board-member-expenses;meet-the-directors;Glossary-of-Terms,2026-09-26,papers_found,"Re-confirmed 2026-09-26 via server-side WebFetch: /board-meetings past-meetings index current to 'Trust Board 23rd September 2026' (/board-meetings/3767-trust-board-23rd-september-2026), with 22 July, 3 June, 25 March and 28 January 2026 meetings listed. Local 403 is a local-path block only.",,,,,
RTP,Surrey and Sussex Healthcare NHS Trust,Surrey and Sussex Healthcare;Surrey Sussex Healthcare;SASH,Acute and Acute & Community Trusts,South East,Surrey Heartlands,Alison,https://www.surreyandsussex.nhs.uk/about-us/our-board/board-papers,"Pattern B: the landing page lists year-archive links (/board-papers/2026, /board-papers/2025, etc.) rather than packs directly; a crawler must follow the year link, where each public board meeting (5 Feb, 2 Apr, 4 Jun 2026; 6 Feb, 3 Apr, 5 Jun, 7 Aug, 2 Oct, 4 Dec 2025) is exploded into many individual document PDFs (agenda numbered 00/0.0, plus separate minutes, BAF, committee key-issues, IPR, etc.) served as static HTML via /download_file/view/{ID}/{suffix} links. There is no single combined pack PDF; the agenda PDF is the entry point and the date is in the link text not the URL. Occasional extraordinary meetings appear (e.g. 20 Feb 2025). All static, no JS.",False,/board-papers/{year};/download_file/view/{id}/{suffix};agenda link text begins 00 or 0.0 with the meeting date;Public Board,committee;key issues;minutes;extraordinary;register of interests;patient story,2026-06-04,papers_found,2026 and 2025 year-archive pages each list multiple dated public board meetings with agenda and paper PDFs as static download_file links.,,,,,
RVV,East Kent Hospitals University NHS Foundation Trust,East Kent Hospitals University;EKHUFT,Acute and Acute & Community Trusts,South East,Kent and Medway,Alison,https://www.ekhuft.nhs.uk/about-us/board-of-directors/,"Current URL is correct and live (static WebFetch works, no WAF). The Board of Directors page embeds the full meeting-pack archive organised by month back to June 2024, plus a 'Reading the Signals' oversight group archive. PDFs are served from a relative /s3/assets/files/board_of_directors_docs/bod-meeting-packs/{month}{year}/ path on-domain. Crawl the board-of-directors page and scrape /s3/assets/.../bod-meeting-packs/ links; note some recent meetings split the pack into multiple PDFs and a few items are .docx/.pptx rather than PDF.",False,/s3/assets/files/board_of_directors_docs/bod-meeting-packs/{month}{year}/board-of-directors-open-meeting-pack-(DD.MM.YY).pdf;bod-meeting-pack;open-meeting-pack,registers_of_interests;reading-the-signals;council-of-governors;annual-reports;/policies;/foi,2026-09-19,papers_found,"Re-confirmed 2026-09-19 via server-side WebFetch: monthly meeting packs listed back to Jun 2024, latest '28 July 2026 Board of Directors meeting papers - version 2'. The local scanner's SSL error is a local-path artefact, not a dead URL.",,,,,
RWF,Maidstone and Tunbridge Wells NHS Trust,Maidstone and Tunbridge Wells;Maidstone Tunbridge Wells;MTW,Acute and Acute & Community Trusts,South East,Kent and Medway,Alison,https://www.mtw.nhs.uk/board-meetings-and-papers,"Pattern A + F (wrong-url-fixed). The old DB URL https://www.mtw.nhs.uk/about-us/trust-board/board-meetings-and-papers/ now returns a hard 404 (confirmed in a real browser) because the site migrated to a new VerseOne CMS with a flat URL scheme; the board now lives at /board and the papers at /board-meetings-and-papers (no trailing slash, not under /about-us/). The new landing page lists monthly 'Board papers MONTH YYYY' combined packs as direct .pdf downloads right on the page (Pattern A), e.g. April 2026, January 2026, and the full 2024-2025 run, plus extraordinary meetings. PDFs are served via /download/board-papers-month-yyyypdf.pdf?ver=...&doc=... Crawler should take the topmost dated 'Board papers {month} {year}' link as the latest pack. Note duplicate listings (two copies of some 2024 months) appear in the page DOM.",False,Board papers MONTH YYYY [pdf];Board papers extraordinary meeting,Minutes only;AGM;Part 2;Boardbook (old path),2026-06-04,papers_found,New /board-meetings-and-papers page lists monthly combined Board papers PDFs incl April 2026 and January 2026 plus full 2024-25 history; old /about-us/trust-board/ path is dead (404).,,,,,
RX2,Sussex Partnership NHS Foundation Trust,Sussex Partnership,"Mental Health & Learning Disability and Mental Health, Learning Disability & Community Trusts",South East,Sussex,Alison,https://www.sussexpartnership.nhs.uk/about-us/how-our-trust-run/board-meetings,"Pattern E2 - blocked on every simple route, reachable via one specific Playwright recipe. www.sussexpartnership.nhs.uk sits behind Imperva/Incapsula (CNAME 8gdsmqk.ng.impervadns.net, X-CDN: Imperva), which drops or 503s HTML for plain curl, browser-UA curl, HTTP/1.1- and TLS1.2-forced curl, port 80, server-side WebFetch (socket hang up), the Jina reader and public CORS proxies alike. Archive.org Save Page Now now requires a login so that fallback is closed, and Wayback's last good HTML capture of this page is 2026-02-02 (403 from 2026-02-21 on). WHAT WORKS (confirmed 2026-09-26): local headless Playwright Chromium with a real Chrome UA, locale en-GB, and HTTP/2 LEFT ENABLED (--disable-http2 makes it worse: ERR_EMPTY_RESPONSE). GET /robots.txt first - it is whitelisted, returns 200 even to bare curl, and sets visid_incap_3332221 + incap_ses_576_3332221 - then wait at least 20s, because robots.txt declares crawl-delay: 20 and Imperva enforces it; then navigate to the board page retrying up to 4x with ~24s gaps (attempt 0 is typically 503, attempt 1 ERR_HTTP2_PROTOCOL_ERROR, and a later attempt returns 200 once Chromium has executed /_Incapsula_Resource?SWJIYLWA=...). Reuse that same browser context for the PDF GETs with Referer set to the board page and >=20s between requests. Single-attempt crawls always fail. The DB URL IS the archive: one level, no year drilldown and no per-meeting sub-pages, and no separate document-library subdomain. Content is server-rendered despite a closed accordion (button aria-expanded=false, id=single-accordion-34271; optional deep link ?open=34271), so no JS is needed to extract links once past the WAF - financial-year h2 headings (2026/27 back to 2023/24) each wrap a ul of one-per-item links in two interchangeable forms: direct /application/files/{4d}/{4d}/{4d}/{Name}.pdf, and indirect /download_file/view/{id}/292 which 303s to an /application/files path (292 is the board-papers file set; ids increment chronologically). Each meeting carries a 'Papers' entry - the combined pack, prefer this - plus a 'Minutes' entry added about two months later; do not mistake Minutes for the pack. Filenames are wildly inconsistent (Published_Board_Pack.pdf, Board_Pack.pdf, 00_-_BoD_Agenda_June_2026_PUBLIC-combined_5.pdf, 2025.08.07_-_Public_Board_of_Directors_-_Combined_Pack_V2.pdf, Board_of_Directors_-_October_2025.pdf), so NEVER construct a URL from a date - scrape the anchor text, which is the only reliable date source. Before a meeting the entry may be agenda-only (the 8 Oct 2026 link is currently a 2-page DRAFT agenda, swapped for the ~450-page pack around the meeting date), so re-check file size / page count rather than just link presence. Scheduled dates slip - trust the Meeting Papers list over the 'Future Meetings' block (Feb 2026 advertised 11 June 2026; the meeting actually ran 18 June). Packs are 350-460pp and 10-16MB, so allow >240s timeouts. Bi-monthly single-trust Board of Directors, not a cluster board; next public boards 8 October 2026, 10 December 2026, 11 February 2027. Council of Governors papers are a separate sibling page at /about-us/how-our-trust-run/council-governors/council-governors-meetings. Recordings at youtube.com/@SussexPartnershipNHS/videos; governance contact spft.corporategovernance@nhs.net.",True,"/application/files/{4d}/{4d}/{4d}/{Name}.pdf;/download_file/view/{id}/292 (303-redirects to /application/files/...);anchor text 'Board of Directors Papers - {D Month YYYY}';Published_Board_Pack.pdf;Board_Pack.pdf;Combined_Pack;PUBLIC-combined;large combined pack: 350-460pp, 10-16MB",Minutes;DRAFT_BoD_Agenda (agenda-only pre-meeting stub);/council-governors/;dates from the 'Future Meetings' block (they slip),2026-09-26,papers_found,"2026-09-26: first full validation, via step-3a escalation. Local headless Playwright Chromium (robots.txt first, 20s crawl-delay, retries) returned HTTP 200 (121KB, title 'Board meetings :: Sussex Partnership NHS Foundation Trust'); confirmed by download the 18 June 2026 combined public pack (462pp, 11.4MB) and the 8 October 2026 draft agenda. Every non-Playwright route (plain and browser-UA curl, WebFetch, Jina, CORS proxies, Archive.org Save Page Now) is dropped by Imperva - the scan's 'broken' is a routing block, not a dead page.",,,,,
RXC,East Sussex Healthcare NHS Trust,East Sussex Healthcare;ESHT,Acute and Acute & Community Trusts,South East,Sussex,Alison,https://www.esht.nhs.uk/about-us/trust-board/meetings-in-public/,"Current URL is live and correct; the reported 'broken' status was a transient/WAF block. WebFetch loaded fine. Page is titled 'Meetings in public' under Trust board, lists 2026 public meeting dates and a '2026 agenda papers' section with PDFs hosted at /wp-content/uploads/YYYY/MM/. Older papers under the 'Archive agenda papers' link. Standard WordPress site; retry WebFetch on 403, no JS rendering required.",False,/wp-content/uploads/2026/;-Trust-Board-meeting-in-public.pdf;DD-Month-2026 in filename,register-of-interests;financial-transparency;corporate-publications,2026-09-05,papers_found,"2026-09-05: WebFetch reached the page; newest entry '18 August 2026 - Trust Board meeting in public', papers posted a week ahead of each meeting.",,,,,
RXX,Surrey and Borders Partnership NHS Foundation Trust,Surrey and Borders Partnership,"Mental Health & Learning Disability and Mental Health, Learning Disability & Community Trusts",South East,Surrey Heartlands,Alison,https://www.sabp.nhs.uk/aboutus/board-of-directors/board-meetings-papers,"Strategy: dated board-pack PDFs listed directly on the landing page (63 found this run), one per meeting. Static fetch works. Prefer 'Public Board Pack' / 'Board Papers' / 'Agenda and Papers'; filter observer notes, Q&A and addendums. Pattern A.",False,Public Board Pack;Board Papers;Agenda and Papers,Observer notes;Q&A;ICP Board;Minutes only;Addendum;Part B;Confidential,2026-05-29,papers_found,"Validator (static) found dated_pdfs=63, year_archives=0, meeting_subpages=4.",,,,,
RXY,Kent and Medway Mental Health NHS Trust,Kent and Medway Mental Health;KMPT;Kent and Medway NHS and Social Care Partnership Trust,"Mental Health & Learning Disability and Mental Health, Learning Disability & Community Trusts",South East,Kent and Medway,Alison,https://www.kentmedwaymentalhealth.nhs.uk/about-us/trust-board/board-meetings/,"Pattern C (per-meeting sub-pages). The org has rebranded to Kent and Medway Mental Health NHS Trust and the domain kmpt.nhs.uk now redirects to kentmedwaymentalhealth.nhs.uk. The old DB url (/about-us/trust-board/) is the board landing page with no papers; its one-click child /about-us/trust-board/board-meetings/ lists each Board meeting as a dated sub-page (e.g. 'Board Meeting Thursday 28th May 2026' -> /about-us/trust-board/board-meetings/board-28-may-2026/). Each sub-page has a Downloads section containing a single combined 'Public Board Meeting Pack DD.MM.YYYY' PDF (e.g. /media/l2yjpajs/public-board-meeting-pack-28052026-v1.pdf). Crawler: load this landing, follow the dated board-* sub-page links, then grab the public board meeting pack PDF from the meeting page.",False,Public Board Meeting Pack;Board Meeting [date],Council of Governors;Committee;Minutes only;AGM,2026-06-04,papers_found,board-meetings page lists 2025 and 2026 dated meeting sub-pages; confirmed the 28 May 2026 sub-page links a combined Public Board Meeting Pack PDF.,,,,,
RYR,University Hospitals Sussex NHS Foundation Trust,University Hospitals Sussex;UH Sussex;UHSussex,Acute and Acute & Community Trusts,South East,Sussex,Alison,https://www.uhsussex.nhs.uk/about/board/board-meetings/,"Pattern C/F (wrong-url-fixed -> per-meeting sub-pages). Old DB url was a single stale meeting page (public-board-papers-10-november-2022) with only one 2022 PDF and no navigation. New url /about/board/board-meetings/ is the live board meetings archive listing each meeting chronologically as a /resources/...board-papers... sub-page (e.g. 'Trust public board papers: 31 March 2026' -> /resources/trust-public-board-papers-31-march-2026/). Each resource sub-page holds the combined public board papers PDF (also directly under /wp-content/uploads/YYYY/MM/...PAPERS.pdf). Skip the separate 'Questions and Answers' resource pages. Crawler: load board-meetings, follow the dated 'Trust (public) board papers' resource links, fetch the combined papers PDF.",False,Trust public board papers;Public Board Agenda;PAPERS,Questions and Answers;Q&A;Western Sussex Hospitals Board Papers 2018-2021;Council of Governors,2026-06-04,papers_found,"board-meetings archive lists 14 May 2026, 31 March 2026 and 5 February 2026 meetings; confirmed direct 2026 papers PDFs under /wp-content/uploads/2026/.",,,,,
RYY,Kent Community Health NHS Foundation Trust,Kent Community Health,Community Trusts,South East,Kent and Medway,Alison,https://www.kentcht.nhs.uk/about-us/who-we-are/the-board/,,,,,,,,,,,,
RFS,Chesterfield Royal Hospital NHS Foundation Trust,Chesterfield Royal Hospital;Chesterfield Royal,Acute and Acute & Community Trusts,Midlands,Derby and Derbyshire,Annabelle,https://www.chesterfieldroyal.nhs.uk/about-us/our-board-directors/board-directors-papers-meetings-and-minutes,,,,,,,,,,,,
RHA,Nottinghamshire Healthcare NHS Foundation Trust,Nottinghamshire Healthcare,"Mental Health & Learning Disability and Mental Health, Learning Disability & Community Trusts",Midlands,Nottingham and Nottinghamshire,Annabelle,https://www.nottinghamshirehealthcare.nhs.uk/board-papers/,"Papers live in a JS-rendered 'SharpMyBrowser' document library at /board-papers/ that static fetch cannot read (folders render but show 0-file counts; file rows load client-side). Navigation is a three-level folder tree driven by ?smbfolder=<id> query params: root then year folder (2024=1245, 2025=1749, 2026=1973, Archive=961) then per-meeting date sub-folder then the PDF. Each meeting sub-folder holds a single combined 'Public Board of Directors <date>.pdf'. The PDFs themselves are served from a stable directly-fetchable endpoint /download.cfm?doc=<docid>.pdf&ver=<n> (plain GET works once discovered). Recommended crawl: Playwright to open /board-papers/, enter current-year folder, then each meeting sub-folder, collect the download.cfm link. Coverage 2024-2026 plus an Archive folder.",True,download.cfm?doc=;Public Board of Directors <date>.pdf;smbfolder date sub-folders,smba2z (A-Z index links);Integrated Performance Report indicator-definition blurb;folder count 0,2026-07-11,papers_found,"Old /board-of-directors-and-meetings overview page has no paper links; live dated packs are in a JS document library at /board-papers/ (year folder then per-meeting date sub-folder), confirmed Public Board pack 28 May 2026 via browser.",,,,,
RK5,Sherwood Forest Hospitals NHS Foundation Trust,Sherwood Forest Hospitals;SFH;King's Mill Hospital,Acute and Acute & Community Trusts,Midlands,Nottingham and Nottinghamshire,Annabelle,https://www.sfh-tr.nhs.uk/about-us/board-of-directors/board-meetings/,Pattern A (dated PDFs on landing) / F (wrong-url-fixed). Old DB url (/about-us/board-of-directors/) is just the board membership page; its one-click child /about-us/board-of-directors/board-meetings/ lists the combined bi-monthly 'Board Meeting Papers - [Month Year]' PDFs directly on the page (hosted under /media/...). No per-meeting sub-pages or year archives - all current-year and prior PDFs are inline. Crawler: load this page and harvest the dated 'Board Meeting Papers - Month Year' PDF links directly.,False,Board Meeting Papers - [Month Year];Board of Directors,Minutes only;Council of Governors;Committee,2026-06-04,papers_found,"page lists direct combined board-meeting-papers PDFs through June 2026 (e.g. 0-board-meeting-papers-v3-june-2026.pdf, april-2026, february-2026).",,,,,
RNQ,Kettering General Hospital NHS Foundation Trust,Kettering General Hospital;KGH,Acute and Acute & Community Trusts,Midlands,Northamptonshire,Annabelle,https://www.kgh.nhs.uk/board-of-directors-and-board-meetings,,,,,,,,,,,,
RNS,Northampton General Hospital NHS Trust,Northampton General Hospital,Acute and Acute & Community Trusts,Midlands,Northamptonshire,Annabelle,https://www.northamptongeneral.nhs.uk/About/Our-Trust-Board/Meeting-and-papers/Meeting-papers.aspx,,,,,,,,,,,,
RP1,Northamptonshire Healthcare NHS Foundation Trust,Northamptonshire Healthcare,"Mental Health & Learning Disability and Mental Health, Learning Disability & Community Trusts",Midlands,Northamptonshire,Annabelle,https://www.nhft.nhs.uk/board/,,,,,,,,,,,,
RP7,Lincolnshire Partnership NHS Foundation Trust,Lincolnshire Partnership;LPFT,"Mental Health & Learning Disability and Mental Health, Learning Disability & Community Trusts",Midlands,Lincolnshire,Annabelle,https://www.lpft.nhs.uk/get-involved/meeting-dates-and-minutes/board-directors-meetings,"Strategy: the landing (/get-involved/meeting-dates-and-minutes/board-directors-meetings) is a schedule-plus-folders page, not a flat PDF list. It carries the forward meeting timetable (Feb 2026 through Feb 2027) and states that agenda and papers are posted roughly seven days before each meeting. The packs themselves sit one hop down in a 'Previous meetings' folder and per-year folders (2025, 2026) that must be opened to reach the dated agenda/report PDFs; past meetings are also recorded on YouTube. Static fetch works via server-side WebFetch - the local deep scan's SSL-verify failure on lpft.nhs.uk is a local-path artefact, not a dead page. Crawl the landing for the schedule, then follow the year/previous-meetings folder links for packs.",False,Agenda;Board of Directors;Trust Board;papers,Minutes only;Council of Governors;Annual General Meeting,2026-09-19,papers_found,"Re-confirmed 2026-09-19 via WebFetch: landing is the schedule hub (next meeting 8 October 2026) with packs one hop down in the 2025/2026/Previous meetings folders, exactly as recorded.",,,,,
RT5,Leicestershire Partnership NHS Trust,Leicestershire Partnership;LPT,"Mental Health & Learning Disability and Mental Health, Learning Disability & Community Trusts",Midlands,"Leicester, Leicestershire and Rutland",Annabelle,https://www.leicspart.nhs.uk/about/corporate-responsibilities/trust-board/,"Pattern E (anti-bot) + A. The site forcibly closes automated connections (ConnectionReset to requests and WebFetch), so static health-checks read as 'broken'; the page is live in a browser. The board page moved path from /about-us/trust-board/ to /about/corporate-responsibilities/trust-board/ (sibling /about/corporate-responsibilities/group-board/ holds the group board). Combined paper packs are published as dated PDFs under /wp-content/uploads/YYYY/MM/ named '{DD Month YYYY} Public Trust Board Combined Paper Pack'. Trust meets ~6x/year on MS Teams with livestream. If blocked, fetch the dated combined-pack PDF URL directly or use the publication scheme. URL fixed 2026-06-13.",True,DD Month YYYY Public Trust Board Combined Paper Pack;Group Trust Board Combined Paper Pack;/wp-content/uploads/YYYY/MM/,Declarations of Interest Report (component);Group Board (when only trust board wanted);minutes only,2026-06-13,papers_found,Search-confirmed live combined packs 27 January 2026 and 26 May 2026 under leicspart.nhs.uk/wp-content/uploads/2026/; site blocks automated fetch (anti-bot).,,,,,
RTG,University Hospitals of Derby and Burton NHS Foundation Trust,University Hospitals of Derby and Burton;UHDB;University Hospitals Derby Burton,Acute and Acute & Community Trusts,Midlands,Derby and Derbyshire,Annabelle,https://www.uhdb.nhs.uk/trust-board-members/,,,,,,,,,,,,
RWD,United Lincolnshire Teaching Hospitals NHS Trust,United Lincolnshire Teaching Hospitals;ULTH;United Lincolnshire Hospitals NHS Trust;United Lincolnshire Hospitals;ULHT,Acute and Acute & Community Trusts,Midlands,Lincolnshire,Annabelle,https://www.ulh.nhs.uk/about/board-meetings/,,,,,,,,,,,,
RWE,University Hospitals of Leicester NHS Trust,University Hospitals of Leicester;University Hospitals Leicester;UHL,Acute and Acute & Community Trusts,Midlands,"Leicester, Leicestershire and Rutland",Annabelle,https://www.uhleicester.nhs.uk/about/board/board-papers-and-meetings/,"Landing page lists the full paper set for the most recent meeting directly (Pattern A): individual dated PDFs for the current 'Boards in Common' meeting (agenda, minutes, action log, committee reports, performance and quality papers) appear inline. UHL runs as a 'Boards in Common' with Leicestershire Partnership, so packs may be jointly branded. For older 2025/2026 meetings follow the 'Agenda and papers from our previous Trust Board meetings are available here' link to the publication-scheme archive. The page also lists upcoming 2026 meeting dates whose packs post in the same inline pattern shortly before each date.",False,Agenda;Public/Trust Board pack;Boards in Common agenda and papers;performance report,minutes only;action log;observer/Q&A notes;publication-scheme generic documents,2026-06-13,papers_found,Inline dated PDFs present for the 11 June 2026 Boards in Common meeting (agenda + committee reports); older packs via the 'previous Trust Board meetings' publication-scheme link.,,,,,
RX1,Nottingham University Hospitals NHS Trust,Nottingham University Hospitals;NUH,Acute and Acute & Community Trusts,Midlands,Nottingham and Nottinghamshire,Annabelle,https://www.nuh.nhs.uk/board-papers,"The registered URL /board-and-board-papers/ is only an info page (meeting dates + governance contact) and correctly shows no PDFs. The actual papers live one level down at /board-papers (linked in that page's sidebar). That index lists year folders as query-string links: /board-papers?media_folder=1422&root_folder=2025/26 and /board-papers?media_folder=1466&root_folder=2026/27. A crawler must follow the media_folder query params to reach per-meeting PDFs (folder contents load dynamically, so render or fetch the folder URLs). Coverage current to 2026/27. Prefer the full board pack/'supporting documents' bundle per meeting; filter out minutes-only and agenda-only files and pre-2025 folders. Point the crawler at root_folder=2026/27 for the latest papers. RETRIEVAL 5 Aug 2026: papers live at /board-papers in a MEDIA BROWSER, not as direct links. Navigate /board-papers?media_folder=<id>&root_folder=<year> to a financial-year folder, then one sub-folder PER MEETING, each containing the pack. 2026/27 = media_folder=1466. Plain requests reads it fine - Playwright not needed.",False,/board-papers?media_folder=;root_folder=2026/27;root_folder=2025/26,minutes;agenda-only;2024/25;2023/24,2026-08-05,needs_playwright,Papers are present in dynamically-loaded year folders (2025/26 and 2026/27) reached via media_folder query params off /board-papers; individual PDFs require rendering the folder view to enumerate.,,,,,
RXM,Derbyshire Healthcare NHS Foundation Trust,Derbyshire Healthcare,"Mental Health & Learning Disability and Mental Health, Learning Disability & Community Trusts",Midlands,Derby and Derbyshire,Annabelle,https://www.derbyshirehealthcareft.nhs.uk/about-us/our-board-directors/board-meetings,"Landing page lists meetings chronologically under expandable '2025' and '2026' year headings (Pattern A with inline accordions, no separate year pages). Each meeting shows its date and time followed by a single 'Agenda and papers' link that resolves to a download_file/view PDF (e.g. /download_file/view/6958/222). A crawler should collect every 'Agenda and papers' href under the 2025 and 2026 headings. Ignore the 'View a summary of the meeting' link (narrative recap, not the pack) and any 'Join via webinar' / 'Link to join the meeting online' safelinks.",False,Agenda and papers;download_file/view,View a summary of the meeting;Join via webinar;Link to join the meeting online;meeting summaries,2026-06-13,papers_found,"2026 packs listed for 27 Jan, 24 Mar, 19 May 2026; 2025 sample 'Agenda and papers' = /download_file/view/6958/222 (14 Jan 2025).",,,,,
RY5,Lincolnshire Community Health Services NHS Trust,Lincolnshire Community Health Services,Community Trusts,Midlands,Lincolnshire,Annabelle,https://lincolnshirecommunityhealthservices.nhs.uk/about-us/our-trust-board/trust-board-papers,"Strategy: dated board-pack PDFs listed directly on the landing page (57 found this run), one per meeting. Static fetch works. Prefer 'Public Board Pack' / 'Board Papers' / 'Agenda and Papers'; filter observer notes, Q&A and addendums. Pattern A.",False,Public Board Pack;Board Papers;Agenda and Papers,Observer notes;Q&A;ICP Board;Minutes only;Addendum;Part B;Confidential,2026-05-29,papers_found,"Validator (static) found dated_pdfs=57, year_archives=0, meeting_subpages=0.",,,,,
RY8,Derbyshire Community Health Services NHS Foundation Trust,Derbyshire Community Health Services,Community Trusts,Midlands,Derby and Derbyshire,Annabelle,https://dchs.nhs.uk/about-us/our-board,"Landing page lists papers directly under 'Agendas and Papers 2026:' and 'Agendas and Papers 2025:' headings (Pattern A). Each entry is a month link, sometimes annotated with content type in parentheses, e.g. 'January 2026 (Performance Report)', resolving to a download_file/view PDF (URLs like /download_file/view/[ID]/243). A crawler should collect every month link beneath each 'Agendas and Papers [year]' heading. Some links are component documents (e.g. a standalone Performance Report) rather than the full pack, so prefer the bare 'Month Year' agenda link where both exist.",False,Agendas and Papers;Month Year agenda link;download_file/view,(Performance Report) standalone component when full pack also listed;minutes only,2026-06-13,papers_found,"Dated month links present under both 2025 and 2026 headings, e.g. 'January 2026 (Performance Report)' and 'August 2025', each a download_file/view PDF.",,,,,
R1A,Herefordshire and Worcestershire Health and Care NHS Trust,Herefordshire and Worcestershire Health and Care,"Mental Health & Learning Disability and Mental Health, Learning Disability & Community Trusts",Midlands,Herefordshire and Worcestershire,Caitlin,https://www.hacw.nhs.uk/board-papers/,"Pattern A with a major quirk: dated meetings are listed directly on the landing page (Jan/Mar/May 2026; Jan/Mar/May/Jul/Sep/Nov 2025) but the papers are distributed as ZIP archives, not PDFs, via relative /download/...zip?ver=&doc= links that resolve against https://www.hacw.nhs.uk. Each row also has a per-meeting summary sub-page (e.g. /board-may-26) and YouTube recording links. A crawler should grab the ZIP (filenames embed the meeting month, e.g. trust-board-papers-may-2026.zip) and unpack it to reach the individual board-pack documents; there is no plain combined PDF on the site. Static HTML, no JS needed. Future dated meetings (Jul/Sep/Nov 2026) are listed without papers yet.",False,/download/trust-board-papers-{month}-{year}.zip;/download/...zip?ver={n}&doc=docm...zip;summary sub-page /board-{mon}-{yy},youtu.be;youtube.com;/board-;summary,2026-06-04,papers_found,Landing page lists 2025 and 2026 board meetings each with a downloadable ZIP papers archive (e.g. trust-board-papers-may-2026.zip).,,,,,
R1D,Shropshire Community Health NHS Trust,Shropshire Community Health,Community Trusts,Midlands,"Shropshire, Telford and Wrekin",Caitlin,https://www.shropscommunityhealth.nhs.uk/board-meetings-and-papers,"Despite the prior needs_playwright flag, the current board pack renders server-side and is reachable by a plain static fetch: the landing shows the latest 'Board in Common' set (agenda, meeting papers, public information pack) as direct PDF links. What static fetch misses is only the historical archive: older meetings (2015 onward) are selected via a JavaScript dropdown/postback that swaps the visible links, so Playwright is only needed to enumerate prior years -- load the page, select a year, wait for the link list to re-render, then harvest the /content/doclib/<id>.pdf links. The most recent packs need no JS. Route check 2026-08-15: server-side WebFetch returned an empty body this run, so the static path that worked previously is intermittent rather than reliably open - retry it first, then fall back to a browser render. The landing URL itself is unchanged (shallow check HTTP 200). ACCESS CHANGE 2026-08-22: shropscommunityhealth.nhs.uk now sits behind Imperva/Incapsula for this machine - plain requests (browser User-Agent included) gets the ~950-byte _Incapsula_Resource iframe shell and local headless Playwright hangs on the challenge. This is an IP/path block, NOT proof the site is down: the static route described above was confirmed working as recently as 2026-08-08, so try server-side WebFetch and a plain static fetch FIRST and only treat the archive as unreachable if those also fail. Route re-probe 2026-09-12: still blocked on every route tried from here - local browser-UA requests returned only the ~841-byte Incapsula/hCaptcha challenge shell and server-side WebFetch returned an empty body again. Two things confirm this is routing and not the trust withdrawing its papers: the shallow check still gets HTTP 200 on this exact URL with NO redirect, and WebFetch has previously pulled this domain's pages and packs fine. So keep the order - try WebFetch first, then a plain browser-UA static fetch, and only then escalate to a captcha-solving or residential session / allowlisted IP. Do not rewrite this record as 'unreachable'. Route check 2026-09-26: server-side WebFetch returned an empty body again from this session, and the local static path stayed behind the Incapsula shell, so the cheap routes are INTERMITTENT rather than closed - still try WebFetch FIRST (it has reached this domain before and costs nothing) and only then escalate. This is a block on the fetch path from this machine, not evidence the trust has stopped publishing.",True,/content/doclib/<number>.pdf;'Board in Common' agenda / meeting papers / public information pack triplet;year dropdown selector for archive,public questions / submission-procedure text;governance boilerplate,2026-09-26,needs_playwright,"2026-09-26: URL still resolves with no redirect, but both routes tried from this session were refused - server-side WebFetch returned an empty body and the local browser-UA path stayed on the Incapsula/hCaptcha shell. Treat as a routing block, not a withdrawal of papers; the previously-recorded working routes stand and should be tried first.",,,,,
RBK,Walsall Healthcare NHS Trust,Walsall Healthcare;Manor Hospital Walsall,Acute and Acute & Community Trusts,Midlands,Black Country,Caitlin,https://www.walsallhealthcare.nhs.uk/about-us/how-we-are-run/board-papers/,"Walsall runs a Joint Trust Board with Royal Wolverhampton (RWT); landing page shows collapsible year sections ('2026', '2025') that expand to direct 'Trust Board Papers – [Month Year]' PDF links (Pattern A with accordion). Meeting packs are available at least 3 working days before each meeting. PDFs are hosted on either the Walsall Healthcare or Royal Wolverhampton domains, so accept cross-domain hrefs. A crawler should expand each year heading and collect every 'Trust Board Papers – [Month Year]' link.",False,Trust Board Papers –;Joint Trust Board meeting pack,minutes only;ICP not ICB;standalone risk-register documents,2026-06-13,papers_found,"2026 packs: 'Trust Board Papers – May 2026', 'March 2026', 'January 2026'; 2025 includes 'Trust Board Papers – November 2025' and 'September 2025'.",,,,,
RJC,South Warwickshire University NHS Foundation Trust,South Warwickshire University;SWFT,Acute and Acute & Community Trusts,Midlands,Coventry and Warwickshire,Caitlin,https://www.swft.nhs.uk/about-us/publications/Board-of-Directors-papers-minutes,"Pattern B+F (wrong-url-fixed): old DB url /meetings-and-events/board-meetings only lists future dates ('No upcoming events') and links onward to the real archive at /about-us/publications/Board-of-Directors-papers-minutes, so point the crawler at the archive. The archive is organised by year tabs/sections (2026, 2025, 2024...). Within each year are per-meeting download links served via /download_file/{guid}/{n} (no readable extension) titled e.g. 'Public SWFT and GEH Boards Combined Meeting Pack - 07.10.2025' — take the single largest combined meeting-pack PDF per date. Quirk: South Warwickshire (SWFT) now meets as a JOINT board in common with George Eliot Hospital (GEH); the only public pack is the combined SWFT/GEH pack, so do not filter it out as a Joint board. Download URLs lack a .pdf suffix.",False,Combined Meeting Pack;Public SWFT and GEH Boards;Board of Directors papers;Meeting Pack,Minutes only;Council of Governors;Charitable Funds;AGM;future meeting dates,2026-06-04,papers_found,Archive page lists a dated 2025 combined board pack (07.10.2025) plus year sections; 2026/27 joint board dates listed with packs to follow.,,,,,
RJE,University Hospitals of North Midlands NHS Trust,University Hospitals of North Midlands;UHNM;University Hospitals North Midlands,Acute and Acute & Community Trusts,Midlands,Staffordshire and Stoke-on-Trent,Caitlin,https://www.uhnm.nhs.uk/about-us/our-board/trust-board-papers/,"Pattern A+F (wrong-url-fixed): old DB url /about-us/our-board/ is the board-membership page (no papers) and links to the dedicated /about-us/our-board/trust-board-papers/ page, which is the correct landing. That page lists individual dated public/Part 1 board-pack PDFs served from /media/{slug}/...pdf, one per meeting (e.g. 'Part 1 Trust Board 11 02 26', 'Public Trust Board 8th October 2025'). Take the Part 1 / Public / Open pack for each date. Quirk: naming is inconsistent (mix of 'Part 1', 'Open', 'Public', date formats dd-mm-yy and 'July 2025'); ignore Part 2 / confidential. Static WebFetch reaches the PDFs directly.",False,Trust Board Part 1;Public Trust Board;Trust Board Open;Public Board,Part 2;Confidential;Rules of Procedure;Minutes only;future dates without papers,2026-06-04,papers_found,Trust-board-papers page lists multiple dated 2025 and 2026 board-pack PDFs (Jan 2025 through Apr 2026) directly downloadable.,,,,,
RKB,University Hospitals Coventry and Warwickshire NHS Trust,University Hospitals Coventry and Warwickshire;UHCW;University Hospitals Coventry Warwickshire,Acute and Acute & Community Trusts,Midlands,Coventry and Warwickshire,Caitlin,https://www.uhcw.nhs.uk/our-organisation/trust-board-meetings/,"The URL is correct and live; the shallow check failed only because uhcw.nhs.uk sits behind an aggressive WAF that resets connections from datacenter IPs (curl/Playwright both got ERR_CONNECTION_RESET intermittently, but the landing eventually returns 200). Content is static HTML, not JS-gated - a browser UA with a few retries suffices; Playwright not required but would harden against resets. Board packs are single combined PDFs at /download/clientfiles/files/ named 'Combined Public Trust Board Papers {date}' or 'Public Board Papers v{n} {date}_compressed'; crawl the landing and follow those download links. Coverage late-2025 through mid-2026 (roughly bi-monthly). Re-verified 2026-09-05: server-side WebFetch was reset/403 while browser-UA curl got 200 (43KB) with /download/clientfiles/files/Combined%20Public%20Board%20Papers%20v2%206%20August%202026-compressed.pdf as the newest pack - the WAF reset is still fetch-path specific, not an outage.",False,/download/clientfiles/files/ path;'Public Trust Board Papers';'Public Board Papers';'Combined';'_compressed';.pdf,confidential;private;committee;minutes-only;agenda-only,2026-09-05,papers_found,"2026-09-05: shallow check reset again, but browser-UA curl returned HTTP 200 (43KB); newest pack is 'Combined Public Board Papers v2 6 August 2026-compressed.pdf'.",,,,,
RL1,The Robert Jones and Agnes Hunt Orthopaedic Hospital NHS Foundation Trust,Robert Jones and Agnes Hunt Orthopaedic Hospital;Robert Jones Agnes Hunt;RJAH;Oswestry,Acute Specialist Trusts,Midlands,"Shropshire, Telford and Wrekin",Caitlin,https://www.rjah.nhs.uk/about-us/publications/trust-board-meeting-papers/,"Pattern B+F (wrong-url-fixed): old DB url /about-us/board-of-directors/board-of-directors-meeting-dates lists only future meeting dates with NO paper links. The correct archive is /about-us/publications/trust-board-meeting-papers/, a click-through index of academic-year sub-pages: /.../2025-2026-trust-board-meeting-papers/ and /.../2026-2027-trust-board-meeting-papers/. Each year sub-page lists per-meeting combined board packs as PDFs served from /media/{slug}/...pdf, named 'Board of Directors {dd.mm.yyyy}.pdf' or 'Board of Directors Public Meeting {date}.pdf' (single combined pack ~8-18MB; some dates split Part 1/Part 2 e.g. 02.07.2025 — grab both). Crawler must go landing -> year sub-page -> PDF (two clicks). Static WebFetch works.",False,Board of Directors Public Meeting;Board of Directors;Public Meeting;combined board pack,Council of Governors;Meeting Dates;Part 2;Annual Report;Minutes only,2026-06-04,papers_found,2025-2026 year sub-page lists seven dated combined board packs (07.05.2025 through 04.03.2026); 2026-2027 sub-page already created.,,,,,
RL4,The Royal Wolverhampton NHS Trust,Royal Wolverhampton;RWT;New Cross Hospital,Acute and Acute & Community Trusts,Midlands,Black Country,Caitlin,https://www.royalwolverhampton.nhs.uk/about-us/our-board/,,,,,,,,,,,,
RLQ,Wye Valley NHS Trust,Wye Valley;Hereford Hospital,Acute and Acute & Community Trusts,Midlands,Herefordshire and Worcestershire,Caitlin,https://www.wyevalley.nhs.uk/about-us/the-trust-board.aspx,,,,,2026-08-22,papers_found,"Landing validator 2026-08-22: papers_found - 1 dated PDFs, 2 year archives, 0 meeting sub-pages visible on the landing (HTTP 200).",,,,,
RLT,George Eliot Hospital NHS Trust,George Eliot Hospital;GEH,Acute and Acute & Community Trusts,Midlands,Coventry and Warwickshire,Caitlin,https://www.geh.nhs.uk/about-us/trust-board/public-board-papers,"Strategy: landing lists per-meeting entries (31 dated meeting links this run); each links to its own sub-page of PDFs (agenda, papers, finance). Filter to the main Board (skip ICP/committee/joint). Prefer the largest 'Agenda and Papers' combined PDF. Static fetch works. Pattern C.",False,Agenda and Papers;Combined Pack;Public Board Pack,Observer notes;Q&A;ICP Board;Minutes only;Addendum;Part B;Confidential,2026-05-29,papers_found,"Validator (static) found dated_pdfs=26, year_archives=0, meeting_subpages=31.",,,,,
RLY,North Staffordshire Combined Healthcare NHS Trust,North Staffordshire Combined Healthcare,"Mental Health & Learning Disability and Mental Health, Learning Disability & Community Trusts",Midlands,Staffordshire and Stoke-on-Trent,Caitlin,https://www.combined.nhs.uk/about/our-board/board-meetings/,"URL PATCHED 2026-07-30: the site dropped the /about-us/ prefix in favour of /about/, so the old /about-us/our-board/previous-board-meetings/ path now genuinely 404s (reproduced independently, not a WAF artefact - Google still surfaces the dead /about-us/ URLs, so ignore stale search hits). Strategy: the landing /about/our-board/board-meetings/ lists UPCOMING dates (papers appear the Friday before) plus the ~11 most recent past meetings; the full back-catalogue from 2014 is one long page at /about/our-board/board-meetings/board-meeting-archive/. Each past meeting is its own page at /board-meeting-archive/trust-board-meeting-<month>-<year>/ with a 'Meeting downloads' block - but DO NOT construct those slugs, they are inconsistent (March 2026 is trust-board-meeting-march_2026 with an underscore; May 2023 carries a -2 suffix). Scrape hrefs instead. IMPORTANT: on the two most recent meeting pages the Elementor PDF buttons render with NO href attribute at all, so a link-scraper finds zero PDFs for the newest meetings; the reliable route is the WordPress REST media API at /wp-json/wp/v2/media?search=PUBLIC-TRUST-BOARD&per_page=100&orderby=date&order=desc&_fields=source_url,date. Server-rendered WordPress, no JS needed, but the edge resets TLS connections on roughly 60-90% of attempts (ECONNRESET / curl exit 35) and WebFetch fails every time; use a browser User-Agent with a 10-15 attempt retry loop, or the r.jina.ai reader proxy as a fallback. Upload folder does not match meeting month (Jan and Mar 2026 briefings both sit under /uploads/2026/04/). Bi-monthly cadence: Jan, Mar, May, Jul, Sep, Nov, second Thursday. FETCH WARNING (2026-08-01): every route tried this run (requests, local Playwright, browser-UA curl, server-side WebFetch) was connection-reset on /about/our-board/ paths even though the site root answered 200 -- the domain sits behind DDoSX bot mitigation. The page itself is live (Google index shows the landing and a July 2026 meeting archive page). Retry later or from another egress; do not repoint the URL on a reset alone.",False,PUBLIC TRUST BOARD PAPERS;PUBLIC TRUST BOARD PACK;FINAL- prefix;Full meeting agenda and papers;DD.MM.YY date suffix,CEO written board report;Chair report;Trust Board Briefing;superseded -V1 where a -V2 exists;OPEN TRUST BOARD (pre-2020 naming),2026-08-08,papers_found,"Re-checked 2026-08-08: URL unchanged and confirmed live - search index returns /about/our-board/board-meetings/ as the current page plus a board-meeting-archive child holding the July 2026 meeting, and a Jan 2026 pack at /wp-content/uploads/2026/01/. Every fetch route reset at the network layer today (requests, local Playwright, WebFetch), so this is a fetch block, not a stale URL; no change made.",,,,,
RNA,The Dudley Group NHS Foundation Trust,Dudley Group;Russells Hall Hospital,Acute and Acute & Community Trusts,Midlands,Black Country,Caitlin,https://www.dgft.nhs.uk/about-our-trust/our-board/board-meetings/,"The registered URL /about-our-trust/our-board/ is the board-membership page and only links onward; the real papers landing is the /board-meetings/ sub-page. That page statically lists dated meetings with WordPress-hosted PDFs at /wp-content/uploads/YYYY/MM/<YY-MM-DD>_..._papers/agenda.pdf. Confirmed current entries: 20 May 2026, 12 Mar 2026, 15 Jan 2026, 13 Nov 2025. Page is static-fetchable (no render needed). Filenames distinguish 'Public-Board-Agenda' (short) from the full '_Board_pblc_papersV2' pack, PREFER the full papers/pack file, not the agenda-only PDF. Full packs are large (~22MB). Filter out agenda-only, minutes, and pre-2025 files.",False,/wp-content/uploads/;_Board_pblc_papers;_papers;Public-Board,Public-Board-Agenda;minutes;/2024/;/2023/,2026-08-22,papers_found,"Landing validator 2026-08-22: papers_found - 5 dated PDFs, 1 year archives, 0 meeting sub-pages visible on the landing (HTTP 200).",,,,,
RQ3,Birmingham Women's and Children's NHS Foundation Trust,Birmingham Women's and Children's;Birmingham Children's Hospital NHS Foundation Trust;Birmingham Children's Hospital;BCH,Acute and Acute & Community Trusts,Midlands,Birmingham and Solihull,Caitlin,https://www.bwc.nhs.uk/board-meetings-and-minutes,"Pattern A/F. Old URL https://www.bwc.nhs.uk/board-of-directors/ is only the board-member directory (validator saw no papers). Changed to the dedicated papers page https://www.bwc.nhs.uk/board-meetings-and-minutes which lists a single combined 'Board Meeting Pack - <Month YYYY>' PDF per meeting (bi-monthly: Jan, Mar, May, Jul, Sep, Nov), served from the trust's own /download/ path with ?ver=&doc= query params. Crawler should take the largest 'Board Meeting Pack' link per month; ignore separate appendix/'Reading Room' files. Static WebFetch reaches the listing and PDFs.",False,Board Meeting Pack;Public Board Meeting Pack;in Public,Reading Room;appendix;Minutes only;Council of Governors,2026-06-04,papers_found,"Confirmed combined public Board Meeting Pack PDFs for Jan, Mar and May 2026 (plus full 2025 set) on bwc.nhs.uk /download/ paths.",,,,,
RRE,Midlands Partnership University NHS Foundation Trust,Midlands Partnership University;MPFT,"Mental Health & Learning Disability and Mental Health, Learning Disability & Community Trusts",Midlands,Staffordshire and Stoke-on-Trent,Caitlin,https://www.mpft.nhs.uk/about-us/board-papers/,"Pattern A: dated board-pack PDFs are linked directly on the landing page, grouped by year, as single combined Trust Board Papers documents (2026: 09 Apr, 12 Feb; 2025: 11 Dec, 09 Oct, 14 Aug, 12 Jun, 27 Mar, 30 Jan). The meeting date is in the link text (YYYY-MM-DD MPFT Trust Board Papers) but URLs are opaque /download_file/{uuid}/256 with no date in them. Some months also have a separate short Trust Board Summary Document alongside the full pack; prefer the larger combined Papers file. Static HTML, no JS required.",False,/download_file/{uuid}/256;link text 'YYYY-MM-DD MPFT Trust Board Papers';combined Trust Board Papers PDF,Summary Document;summary,2026-06-04,papers_found,Landing page directly lists combined Trust Board Papers PDFs for multiple 2025 and 2026 meetings via download_file links.,,,,,
RRJ,The Royal Orthopaedic Hospital NHS Foundation Trust,Royal Orthopaedic Hospital,Acute Specialist Trusts,Midlands,Birmingham and Solihull,Caitlin,https://roh.nhs.uk/about-us/corporate-information/statutory-documents,,,,,2026-08-22,papers_found,"Landing validator 2026-08-22: papers_found - 0 dated PDFs, 25 year archives, 188 meeting sub-pages visible on the landing (HTTP 200).",,,,,
RRK,University Hospitals Birmingham NHS Foundation Trust,University Hospitals Birmingham;UHB,Acute and Acute & Community Trusts,Midlands,Birmingham and Solihull,Caitlin,https://docs.uhb.nhs.uk/index.php/s/prTEizKrRnYnjaD,"The human landing www.uhb.nhs.uk/about/trust-management/bod/papers/ links to the Nextcloud public share at docs.uhb.nhs.uk/index.php/s/prTEizKrRnYnjaD. The share is JS-rendered (static fetch shows 'No files in here' -- the no_papers_visible false-negative), so Playwright is required. Navigate via ?path= query params: root lists year folders (2008-2026); each year has month folders; each month contains 'Board of Directors meeting pack, <Month> <Year>.pdf' plus sometimes a '(background reading)' variant. Direct deep-links work, e.g. ?path=%2F2026%2FJune. PDFs download via /download?path=...&files=... . NON-BROWSER ROUTE FOUND 2026-09-05: the share no longer requires Playwright to enumerate. Nextcloud exposes the public share over WebDAV - PROPFIND https://docs.uhb.nhs.uk/public.php/webdav/ with HTTP basic auth of username = the share token (prTEizKrRnYnjaD) and an EMPTY password, header 'Depth: 1', returns 207 Multi-Status listing the year folders; repeat against /public.php/webdav/2026/ for month folders and /public.php/webdav/2026/July/ for the files. Confirmed this run: years 2019-2026, 2026 holding January/March/June/July, and 'Board of Directors meeting pack, July 2026.pdf' alongside its '(background reading)' variant. Download the file itself with the same basic-auth credentials at that WebDAV path. The HTML share page is still a JS shell (?path= query params return the same 30KB SPA skeleton), so use WebDAV first and keep Playwright only as fallback. Re-verified 2026-09-12: PROPFIND on /public.php/webdav/ (basic auth, username = the share token prTEizKrRnYnjaD, blank password, header Depth: 1) returned 207 listing year folders 2008-2026; 2026 holds January, March, June and July, with July containing 'Board of Directors meeting pack, July 2026.pdf' and its '(background reading)' sibling. Note the PROPFIND response orders folders ALPHABETICALLY, not chronologically, so sort month names yourself rather than taking the last href. The HTML share page remains a 31KB JS shell.",True,"Board of Directors meeting pack, <Month> <Year>;(background reading) variant PDF;Year folder > Month folder structure",register of board members interests;terms of appointment;council of governors;'No files in here' static-render placeholder,2026-09-26,papers_found,"Re-confirmed 2026-09-26: the human landing uhb.nhs.uk/about/trust-management/bod/papers/ fetched cleanly via WebFetch and still points at exactly the Nextcloud share in the DB (docs.uhb.nhs.uk/index.php/s/prTEizKrRnYnjaD), so the share id has not rotated. The share itself stays JS-rendered - no_papers_visible is the expected false negative for a static fetch of it.",,,,,
RWP,Worcestershire Acute Hospitals NHS Trust,Worcestershire Acute Hospitals;WAHT,Acute and Acute & Community Trusts,Midlands,Herefordshire and Worcestershire,Caitlin,https://www.worcsacute.nhs.uk/about-us/trust-board/,"Strategy: landing lists year archives (5 year links this run, e.g. 'Board papers 2025'). Follow each year link to dated PDF listings; main packs typically 5-30MB. Static fetch works. Pattern B.",False,Board Papers;Public Board Pack,Observer notes;Q&A;ICP Board;Minutes only;Addendum;Part B;Confidential,2026-05-29,papers_found,"Validator (static) found dated_pdfs=0, year_archives=5, meeting_subpages=1.",,,,,
RXK,Sandwell and West Birmingham Hospitals NHS Trust,Sandwell and West Birmingham Hospitals,Acute and Acute & Community Trusts,Midlands,Black Country,Caitlin,https://www.swbh.nhs.uk/our-trust/trust-board/public-trust-board-papers/,"Landing /our-trust/trust-board/public-trust-board-papers/ lists per-year sub-pages (2021-2026), e.g. /public-trust-board-papers-2026/. Each year page lists meetings by month linking to per-meeting sub-pages under /trust-board-paper/{slug}/, and those hold the actual PDFs in /wp-content/uploads/{yyyy}/{mm}/. The trust meets bi-monthly. Static fetch works at every level. Two PDF styles: some meetings publish one combined board book (e.g. May 2026 = 26-05-20_BoardAGENDA_pblc_papers.pdf, ~25MB, prefer this single pack), others publish split numbered papers (000-Agenda, 001-Minutes...). To reach current papers: landing -> 2026 year page -> latest month meeting page -> download the combined boardbook PDF (or all numbered PDFs). Filter out board-meeting-dates, board-members, sub-committees pages.",False,/public-trust-board-papers-{year}/;/trust-board-paper/{month-slug}/;wp-content/uploads/{yyyy}/{mm}/...BoardAGENDA_pblc_papers.pdf;wp-content/uploads/{yyyy}/{mm}/000-Agenda...pdf,board-meeting-dates;board-members-and-exec-team;board-sub-comittees;/our-strategy/,2026-06-06,papers_found,"2026 year page resolves to per-meeting pages with live 2026 board-pack PDFs (May 2026 combined agenda confirmed, HTTP 200 application/pdf).",,,,,
RXT,Birmingham and Solihull Mental Health NHS Foundation Trust,Birmingham and Solihull Mental Health,"Mental Health & Learning Disability and Mental Health, Learning Disability & Community Trusts",Midlands,Birmingham and Solihull,Caitlin,https://www.bsmhft.nhs.uk/about-us/corporate-documents/trust-board-papers/,,,,,,,,,,,,
RXW,The Shrewsbury and Telford Hospital NHS Trust,Shrewsbury and Telford Hospital;Shrewsbury Telford Hospital;SaTH,Acute and Acute & Community Trusts,Midlands,"Shropshire, Telford and Wrekin",Caitlin,https://www.sath.nhs.uk/about-us/board-papers/,"Strategy: dated board-pack PDFs listed directly on the landing page (348 found this run), one per meeting. Static fetch works. Prefer 'Public Board Pack' / 'Board Papers' / 'Agenda and Papers'; filter observer notes, Q&A and addendums. Pattern A.",False,Public Board Pack;Board Papers;Agenda and Papers,Observer notes;Q&A;ICP Board;Minutes only;Addendum;Part B;Confidential,2026-05-29,papers_found,"Validator (static) found dated_pdfs=348, year_archives=2, meeting_subpages=1.",,,,,
RYG,Coventry and Warwickshire Partnership NHS Trust,Coventry and Warwickshire Partnership,"Mental Health & Learning Disability and Mental Health, Learning Disability & Community Trusts",Midlands,Coventry and Warwickshire,Caitlin,https://www.covwarkpt.nhs.uk/trust-board-dates-and-papers,"Strategy: landing lists per-meeting entries (18 dated meeting links this run); each links to its own sub-page of PDFs (agenda, papers, finance). Filter to the main Board (skip ICP/committee/joint). Prefer the largest 'Agenda and Papers' combined PDF. Static fetch works. Pattern C.",False,Agenda and Papers;Combined Pack;Public Board Pack,Observer notes;Q&A;ICP Board;Minutes only;Addendum;Part B;Confidential,2026-05-29,papers_found,"Validator (static) found dated_pdfs=27, year_archives=0, meeting_subpages=18.",,,,,
RYW,Birmingham Community Healthcare NHS Foundation Trust,Birmingham Community Healthcare,Community Trusts,Midlands,Birmingham and Solihull,Caitlin,https://www.bhamcommunity.nhs.uk/our-board-papers,"Pattern A (dated PDFs on landing) + F (wrong-url-fixed). Old DB url /our-board/ is only a board overview page that links onward to /our-board-papers; the validator saw no papers because they were one click away. The new url /our-board-papers lists direct combined PDF packs grouped by year, each labelled with month/year, e.g. 'BCHC Public Board Papers Pack 4 June 2026'. Crawler should take the most recent dated 'public board papers pack' PDF under /download/. Static WebFetch reaches it fine.",False,Public Board Papers Pack;Board Meeting Papers;BCHC Public Board,Minutes only;Committee;AGM,2026-06-04,papers_found,Confirmed multiple dated combined board packs including a 42MB 'BCHC Public Board Papers Pack 4 June 2026' and packs through Feb 2025.,,,,,
TAJ,Black Country Healthcare NHS Foundation Trust,Black Country Healthcare,"Mental Health & Learning Disability and Mental Health, Learning Disability & Community Trusts",Midlands,Black Country,Caitlin,https://www.blackcountryhealthcare.nhs.uk/about-us/our-board-of-directors,"Strategy: dated board-pack PDFs listed directly on the landing page (59 found this run), one per meeting. Static fetch works. Prefer 'Public Board Pack' / 'Board Papers' / 'Agenda and Papers'; filter observer notes, Q&A and addendums. Pattern A.",False,Public Board Pack;Board Papers;Agenda and Papers,Observer notes;Q&A;ICP Board;Minutes only;Addendum;Part B;Confidential,2026-08-15,papers_found,"Re-verified 2026-08-15 via WebFetch: Our Board of Directors page live with year-grouped packs, latest July 2026 via /download_file/view/16137/240. The local connection-reset was a WAF false positive.",,,,,
RAX,Kingston and Richmond NHS Foundation Trust,Kingston and Richmond;KRFT;Kingston Hospital NHS Foundation Trust;Kingston Hospital;Hounslow and Richmond Community Healthcare NHS Trust;Hounslow and Richmond Community Healthcare;HRCH,Acute and Acute & Community Trusts,London,South West London,Ella,https://www.kingstonandrichmond.nhs.uk/about-us/trust-board/board-meetings,"MERGER: Kingston Hospital NHS FT (RAX) acquired Hounslow and Richmond Community Healthcare NHS Trust (RY9) on 1 November 2024 to form Kingston and Richmond NHS Foundation Trust; the RY9 row was retired on 2026-08-22 and folded into this one, and hrch.nhs.uk 301-redirects here. There is one combined board. Correct landing page for Kingston and Richmond NHS FT (formerly Kingston Hospital, RAX). The board-meetings page shows the current/latest Part 1 board pack as a force-download link, and links to a clean 'Board paper archive' at .../board-meetings/board-paper-archive listing prior years' packs in a Month/Year table. Both pages render links to plain HTTP fetch (no JS needed). Packs are served via opaque CMS download_file URLs of the form /download_file/force/{guid}/354 (current) or /download_file/{guid}/355 (archive), not human-readable filenames, so harvest the hrefs from the two pages rather than guessing paths.",False,/download_file/force/{guid}/354 (latest pack on board-meetings);/download_file/{guid}/355 (archive packs);'Board paper archive' subpage table by Month/Year;link text 'KRFT Trust Board Part 1 - {month year}',Ethnicity/Gender Pay Gap Report links;'Former Trusts' report links;/about-us/trust-board (board member bios index);Part 2 / confidential papers;hrch.nhs.uk standalone paths (now redirect away);separate HRCH board archive (does not exist post-merger),2026-07-04,papers_found,Kingston & Richmond board meetings page live; latest 7 May 2026 Part 1 pack + board paper archive link.,RY9,2024-11-01,,,
RJ1,Guy's and St Thomas' NHS Foundation Trust,Guy's and St Thomas';Guys and St Thomas;GSTT;Guy's and St Thomas's,Acute and Acute & Community Trusts,London,South East London,Ella,https://www.guysandstthomas.nhs.uk/about-us/our-board/agenda-and-papers,"HARDEST KNOWN CASE - two separate problems, both solved. (1) The whole host sits behind a WAF that returns HTTP 403 (a ~784KB error page) to curl, requests, WebFetch, real-Chrome-headful AND the full anti-automation recipe (stealth init script, disable-blink-features, site-root-first for cookies, ctx.request.get with Referer); after a few attempts it escalates to resetting the TLS connection outright, i.e. an IP-level block. (2) Documents are served from /media/<id>/<url-encoded title> with NO FILE EXTENSION, so any crawler keying on '.pdf' or '/download' finds zero links even on a page it can read. WHAT WORKS: fetch through Archive.org Save Page Now - GET https://web.archive.org/save/<url>. Archive.org crawls from its own infrastructure so the IP block does not apply. This works for BOTH the landing page (returns 31 document links incl. the full back-archive) and for the document URLs themselves (the response body is the PDF bytes - check for %PDF and strip any prefix). Verified 5 Aug 2026 on the 22 July 2026 board pack (8MB) and agenda (163KB). Match documents with the pattern guysandstthomas.nhs.uk/media/<digits>/ - NOT a .pdf extension. Route check 2026-08-15: server-side WebFetch reached the Agenda and papers page cleanly this run and enumerated the year-grouped meetings to 22 July 2026 - so WebFetch is worth trying FIRST before the archive.org Save Page Now route recorded above, which remains the reliable fallback. Local requests/Playwright still get the 403.",False,/media/{id}/Board+of+Directors+meeting+papers+-+{Weekday}+{D}+{Month}+{YYYY};/media/{id}/Board+of+Directors+meeting+agenda+-+{Weekday}+{D}+{Month}+{YYYY},minutes;register-of-interests,2026-09-05,papers_found,"2026-09-05: WebFetch reached the page; 18 dated agenda/papers pairs 2023-2026, newest 'Board of Directors meeting papers - Wednesday 22 July 2026' (7.9MB).",,,archive_org_save_page_now,,
RJ2,Lewisham and Greenwich NHS Trust,Lewisham and Greenwich,Acute and Acute & Community Trusts,London,South East London,Ella,https://www.lewishamandgreenwich.nhs.uk/board-papers/,"Single page listing all board papers chronologically under year headings (Pattern A); no calendar, year folders or sub-pages. Meetings appear as dated links such as 'Trust Board 30 September 2025' and 'Trust Board Meeting, Tuesday 28 April 2026', each resolving directly to a PDF. Beware data-quality noise: some entries are duplicated (two differently-URL'd versions of the same April 2026 meeting) and some links are standalone component documents — e.g. 'Corporate risk register and board assurance framework, Nov 2025' is a .docx, not a board pack. Prefer the 'Trust Board [date]' meeting links and de-duplicate by date.",False,"Trust Board [date];Trust Board Meeting, [day date]",Corporate risk register and board assurance framework (.docx component);duplicate same-date links;minutes only,2026-06-13,papers_found,"2026: 'Trust Board Meeting, Tuesday 28 April 2026'; 2025: 'Trust Board 30 September 2025' and 'Trust Board 24 June 2025'.",,,,,
RJ6,Croydon Health Services NHS Trust,Croydon Health Services,Acute and Acute & Community Trusts,London,South West London,Ella,https://www.croydonhealthservices.nhs.uk/board-timetable-and-papers,,,,,,,,,,,,
RJ7,St George's University Hospitals NHS Foundation Trust,St George's University Hospitals;St Georges University Hospitals;St George's,Acute and Acute & Community Trusts,London,South West London,Ella,https://www.stgeorges.nhs.uk/about/our-board/board-meetings/group-board-papers-and-agenda/,"Static fetch works fully - no JS. Papers grouped by fiscal year (2025-26, 2026-27) with each meeting date linking a single combined board-pack PDF under /wp-content/uploads/YYYY/MM/. Prefer direct .pdf links whose filename encodes the meeting date (e.g. '8-May-2026-2.pdf') or 'Group-Board-Public-{date}.pdf'; this is now a GROUP board (St George's + Epsom & St Helier), so a single group-board pack per date is expected. Coverage back to early 2025. Occasional exported-bundle filenames (export-2026-...pdf) - date by the surrounding label, not the filename. Re-verified 2026-09-05: server-side WebFetch was refused 403 this run while browser-UA curl reached the page normally (200, 65KB) showing Group-Board-Public-9-July-2026.pdf - add a browser User-Agent before concluding the static route has failed.",False,/wp-content/uploads/;filename contains meeting date (e.g. 8-May-2026);Group-Board-Public;single large combined PDF per meeting,committee/;council-of-governors;minutes-only;agenda-only single-page files,2026-09-19,papers_found,"Re-confirmed 2026-09-19 via WebFetch: group-board packs grouped by fiscal year, latest 11 September 2026 at /wp-content/uploads/2026/09/11-September-2026-1.pdf. Local ERR_CONNECTION_RESET is a local-path block only.",,,,,
RJZ,King's College Hospital NHS Foundation Trust,King's College Hospital;Kings College Hospital;KCH,Acute and Acute & Community Trusts,London,South East London,Ella,https://www.kch.nhs.uk/about/how-we-are-organised/board-of-directors/minutes-and-agendas/,"Pattern A, ideal case: single combined 'BoD Agenda and Papers' board-pack PDFs are linked directly on the landing page, one per public meeting, with the meeting date in both the link text and the WordPress /wp-content/uploads/{YYYY}/{MM}/ URL path and filename (2026: 14 May, 12 Mar, 15 Jan; 2025: 13 Nov, 11 Sep, 17 Jul, 08 May, 13 Mar, 16 Jan). Filenames vary (KCH-PUBLIC-Board-meeting-pack, ...meeting-pack, ...Board-Bundle) and are large (5-19 MB). Static HTML, no JS. Crawl just the PUBLIC Board packs and ignore any committee/private items.",False,/wp-content/uploads/{YYYY}/{MM}/...Board...pack...pdf;PUBLIC Board meeting pack;Board Bundle;BoD Agenda and Papers {date},committee;private;confidential,2026-09-05,papers_found,"2026-09-05: WebFetch reached the page; 32 dated entries to July 2026, newest /wp-content/uploads/2026/07/KCH-Public-Board-pack-15-July-2026-v2.pdf.",,,,,
RVR,Epsom and St Helier University Hospitals NHS Trust,Epsom and St Helier University Hospitals,Acute and Acute & Community Trusts,London,South West London,Ella,https://www.epsom-sthelier.nhs.uk/board-papers-and-agendas,"Pattern A (dated PDFs on landing) + F (wrong-url-fixed). Old DB url /our-board is just a board overview; the actual papers live at /board-papers-and-agendas. Epsom and St Helier now boards jointly as the 'gesh Group' (with Epsom and St Helier + St George's), so recent packs are titled 'gesh Group Board (public)' with a month/year; this group board is the trust's public board and is the only board pack published here, so it is the correct target. Crawler should take the most recent dated 'gesh Group Board (public)' PDF under /download/. Older years are in year-based archive folders. Static WebFetch reaches it.",False,gesh Group Board (public);Group Board Public;Group Board Agenda (public),Private;Part 2;Minutes only;Committee,2026-06-04,papers_found,Confirmed dated public group board packs from 1 May 2025 through 8 May 2026 as direct PDF downloads.,,,,,
RP6,Moorfields Eye Hospital NHS Foundation Trust,Moorfields Eye Hospital;Moorfields,Acute Specialist Trusts,London,North Central London,Ella,https://www.moorfields.nhs.uk/about-us/our-organisation/corporate-publications/board-reports,"Pattern B: the landing page is a hub of static text links to per-year archive pages (Board papers 2026, 2025, 2024 ...) at /board-reports/board-papers-<year>. Each year page lists one combined Part I public board meeting pack PDF per meeting, by month, directly linked (no per-meeting sub-pages, no JavaScript needed). To reach the latest 2025-26 packs a crawler must follow 'Board papers 2026' / 'Board papers 2025' from the landing hub then take the dated 'Combined board meeting pack' PDFs. Quirk: pack PDFs live under /mediaLocal/<hash>/ with date-coded filenames (e.g. 260604-tb-part-i-...) so filenames are unstable; the Moorfields Eye Hospital Trust Board is the only board listed (no committees/joint meetings to filter out).",False,Combined board meeting pack;tb-part-i;tb-part-1;meeting-pack;meeting-bundle;agenda-bundle;/mediaLocal/;Part I,Part II;part-ii;confidential;council-of-governors;committee;terms-of-reference,2026-09-05,papers_found,2026-09-05: WebFetch reached the page; landing carries year archives 2020-2026 with 'Board papers 2026' current.,,,,,
RPY,The Royal Marsden NHS Foundation Trust,Royal Marsden;RMH,Acute Specialist Trusts,London,North West London,Ella,https://www.royalmarsden.nhs.uk/about-royal-marsden/governance/board-meetings/board-papers,"Pattern A (dated PDFs on landing) + E (anti-bot 403) + F (wrong-url-fixed). Old DB url /board-meetings/ no longer resolves to the listing; the canonical board-papers page is /about-royal-marsden/governance/board-meetings/board-papers (the /how-we-run-ourselves/ path redirects here). Static WebFetch returns HTTP 403 (anti-bot), so a headless browser is required. The page lists one combined PDF per meeting, labelled by month/year ('Public Board papers' / 'Public Board Pack'), hosted on the trust's S3 bucket (rm-live-drupal-files.s3...amazonaws.com). Crawler should take the most recent dated public board pack PDF.",True,Public Board papers;Public Board Pack;Public Board,Council of Governors;COG;Private;Minutes only,2026-08-22,papers_found,"Landing validator 2026-08-22: papers_found - 24 dated PDFs, 0 year archives, 0 meeting sub-pages visible on the landing (HTTP 200).",,,,,
RYX,Central London Community Healthcare NHS Trust,Central London Community Healthcare;CLCH,Community Trusts,London,,Ella,https://clch.nhs.uk/about-us/publications/board-papers-and-committee-tor,"Strategy: papers under /publications/ NOT under /our-board/. Static HTML list of /download_file/ links with dates in adjacent text spans. URL pattern split: older items at /download_file/{id}/0 (no /view), newer at /download_file/view/{id}/785 — BOTH 302-redirect to the PDF. Two streams on the same page: (a) CLCH Trust Board monthly-ish meetings, and (b) Board-in-Common jointly with CNWL + West London NHS Trust (twice yearly). Multiple PDFs per meeting — typically a main agenda+papers pack PLUS an Annexes A-X pack, occasionally a third (eg Fire Safety Statement). Grab all to capture the complete pack. Old DB URL /about-us/our-board/ is a director-bios page; the only PDF it shows is the declarations of interest. Trust secretary contact for missing/older packs: clcht.trust.secretary@nhs.net.",False,agenda and papers; meeting papers; agenda + papers; Board-in-Common agenda,declaration of interests; Questions for the board; annexes only; ToR,2026-05-29,papers_found,"Live archive at /publications/board-papers-and-committee-tor. Confirmed PDFs 28 May 2026, 30 Apr 2026, 26 Mar 2026 (Trust Board) + Board-in-Common 29 Apr 2026 + 22 Oct 2025.",,,,,
RAE,Bradford Teaching Hospitals NHS Foundation Trust,Bradford Teaching Hospitals,Acute and Acute & Community Trusts,North East and Yorkshire,West Yorkshire,Henry,https://www.bradfordhospitals.nhs.uk/our-trust/bod-meetings/,"The board-papers landing /our-trust/bod-meetings/ renders server-side (no JS required): it lists upcoming public board meetings plus 'Previous meetings' links grouped by year (2017-2026). Individual board packs are single combined 'boardbook' PDFs under /wp-content/uploads/<year>/<month>/. A crawler does not need Playwright for the landing page; follow the per-year 'previous meetings' links (or hit the wp-content/uploads path pattern directly) to reach dated packs. Static fetch reaches the index but the actual dated PDFs sit one click deeper on the year sub-pages. ACCESS CHANGE 2026-08-22: bradfordhospitals.nhs.uk now sits behind Imperva/Incapsula for this machine - plain requests (browser User-Agent included) returns the ~950-byte _Incapsula_Resource iframe shell and local headless Playwright hangs on the challenge. This is an IP/path block, NOT proof the site is down: the server-rendered landing described above was confirmed working on 2026-08-15, so try server-side WebFetch and a plain static fetch FIRST before assuming the archive is gone. Route re-probe 2026-09-12: still blocked on every route tried from here - local browser-UA requests returned only the ~845-byte Incapsula/hCaptcha challenge shell and server-side WebFetch returned an empty body again. Two things confirm this is routing and not the trust withdrawing its papers: the shallow check still gets HTTP 200 on this exact URL with NO redirect, and WebFetch has previously pulled this domain's pages and packs fine. So keep the order - try WebFetch first, then a plain browser-UA static fetch, and only then escalate to a captcha-solving or residential session / allowlisted IP. Do not rewrite this record as 'unreachable'. Route check 2026-09-26: server-side WebFetch returned an empty body again from this session, and the local static path stayed behind the Incapsula shell, so the cheap routes are INTERMITTENT rather than closed - still try WebFetch FIRST (it has reached this domain before and costs nothing) and only then escalate. This is a block on the fetch path from this machine, not evidence the trust has stopped publishing.",True,"/wp-content/uploads/<yyyy>/<mm>/*Boardbook*.pdf;filenames like 'public-BOD-25.9.25-FINAL-Boardbook.pdf','open-BOD-boardbook-31.3.26.pdf';'Previous meetings' year links",Council of Governors packs;confirmed minutes PDFs (not the board pack);bthft.nhs.uk contact/email links,2026-09-26,needs_playwright,"2026-09-26: URL still resolves with no redirect, but both routes tried from this session were refused - server-side WebFetch returned an empty body and the local browser-UA path stayed on the Incapsula/hCaptcha shell. Treat as a routing block, not a withdrawal of papers; the previously-recorded working routes stand and should be tried first.",,,,,
RCB,York and Scarborough Teaching Hospitals NHS Foundation Trust,York and Scarborough Teaching Hospitals;York Scarborough Teaching Hospitals;York Hospitals,Acute and Acute & Community Trusts,North East and Yorkshire,Humber and North Yorkshire,Henry,https://www.yorkhospitals.nhs.uk/about-us/board-of-directors/board-of-directors-papers/,"Pattern A + F. The DB domain yorkscarborough.nhs.uk is dead (ECONNREFUSED); the live site is yorkhospitals.nhs.uk. Board of Directors papers are listed directly on this page as dated 'Agenda' links per meeting (newest first), with separate 'late papers' supplementary links where applicable, and an archive of prior financial years below. Static fetch works on the new domain. URL fixed 2026-06-13 (yorkscarborough -> yorkhospitals).",False,DD Month YYYY Agenda;Board of Directors papers,late papers (supplementary);minutes only,2026-06-13,papers_found,Confirmed dated agendas for 25 February 2026 and 25 March 2026 plus 2024/25 archive on the new yorkhospitals.nhs.uk domain.,,,,,
RCD,Harrogate and District NHS Foundation Trust,Harrogate and District;Harrogate District;HDFT,Acute and Acute & Community Trusts,North East and Yorkshire,Humber and North Yorkshire,Henry,https://www.hdft.nhs.uk/about/board-meeting/,,,,,,,,,,,,
RCF,Airedale NHS Foundation Trust,Airedale;Airedale Hospital,Acute and Acute & Community Trusts,North East and Yorkshire,West Yorkshire,Henry,https://www.airedale-trust.nhs.uk/about-us/our-board-and-leadership/,"Current URL is live and correct. The 'Our Board and Leadership' page uses a year-tabbed interface (2018-2026) listing each Public Board of Directors meeting; clicking a date reveals a single combined 'papers' PDF hosted in /wp-content/uploads/YYYY/MM/. Crawl the landing page, harvest all .pdf links under wp-content/uploads, and match on date or 'Board-of-Directors'/'Board' in filename. WebFetch works fine here (no WAF). Original failure was transient.",False,wp-content/uploads/YYYY/MM/;Public-Board-of-Directors;Board-of-Directors;Combined;BoD-PUBLIC;Board-Papers,Audit-Risk-Committee;ToR;Terms-of-Reference;Committee,2026-09-26,papers_found,"Re-confirmed 2026-09-26 via server-side WebFetch: year-tabbed landing current to the 2 September 2026 public board (Trust-Board-of-Directors-Public-meeting-2-September-2026-FINAL.pdf), with 1 July, 6 May, 4 March and 14 January 2026 packs all present under /wp-content/uploads/. No WAF on this route; the scan's 403 is local-path only.",,,,,
RCU,Sheffield Children's NHS Foundation Trust,Sheffield Children's;Sheffield Childrens,Acute and Acute & Community Trusts,North East and Yorkshire,South Yorkshire,Henry,https://www.sheffieldchildrens.nhs.uk/about-us/board-of-directors/,"Patterns C+D: the board papers area is rendered by the WP File Download (WPFD) plugin as a JavaScript file tree, so a static fetch returns only the year tab labels (2026, 2025 ...) and committee Terms-of-Reference PDFs, NOT the meeting packs. Each year tab is an anchor a.catlink with data-idcat (2026=2113, 2025=1937) that AJAX-loads a category; the year category contains per-meeting sub-folders named by month (2026: February=2114, April=2131, June=2154; 2025: February=1938, April=1967, June=1999, September=2054, November=2081), and each month sub-folder holds exactly ONE combined PDF titled 'Board of Directors - <Month> <Year>'. A crawler should hit the WPFD AJAX endpoint /wp-admin/admin-ajax.php?juwpfisadmin=false&action=wpfd&task=categories.display&view=categories&id=<yearCatId> to enumerate month sub-categories, then task=files.display&view=files&id=<monthCatId>&rootcat=241 to get each file's ID, then download via the clean URL /download/<catid>/<month>/<fileid>/board-of-directors-<month>-<year>.pdf (verified HTTP 200, application/pdf). Quirk: these are single combined packs (one per meeting, no separate agenda/papers split) and only the Sheffield Children's Board of Directors is published here; ignore the committee ToR/structure PDFs under /download/347/board/ which are not meeting packs.",True,Board of Directors - <Month> <Year>;/download/<catid>/<month>/<fileid>/board-of-directors-;action=wpfd&task=files.display;rootcat=241;catlink data-idcat,/download/347/board/;terms-of-reference;committee-structure;Committees in Common;Council of Governors;nominations-remuneration,2026-06-04,papers_found,"Via the WPFD AJAX endpoint each 2025-26 month sub-folder returns one combined board pack and the June 2026 download URL was verified live (HTTP 200, application/pdf, 4.7MB).",,,,,
RFF,Barnsley Hospital NHS Foundation Trust,Barnsley Hospital;BHFT,Acute and Acute & Community Trusts,North East and Yorkshire,South Yorkshire,Henry,https://www.barnsleyhospital.nhs.uk/taxonomy/term/37,"Pattern C (per-meeting news/sub-pages) with combined-pack PDFs. The old landing page /about/.../meetings-and-papers only describes the schedule and points readers to the news section; the actual papers index is the Drupal taxonomy listing /taxonomy/term/37 ('Board Meeting' term), which lists each dated meeting as a news sub-page (e.g. '/news/board-directors-meeting-thursday-2-april-2026', '/news/board-directors-meeting-thursday-5-february-2026', and 2025 meetings back to February 2025). Each sub-page carries the combined public pack PDF stored under /sites/default/files/<YYYY-MM>/combined_pack_board_of_directors_public_meeting_<month_year>.pdf. Crawler should list term/37, open the latest dated meeting sub-page, then take the 'combined_pack...public_meeting' PDF. Quirk: meeting dates appear in news-style slugs, not a year archive.",False,Board of Directors meeting - Thursday <date>;combined_pack_board_of_directors_public_meeting;Board of Directors: Public,Council of Governors;Audit and Assurance Committee;Part 2;private,2026-06-04,papers_found,taxonomy/term/37 lists dated 2025-2026 board meeting sub-pages; search confirmed a Feb 2026 combined public pack PDF under /sites/default/files/2026-02/ on the org's own domain.,,,,,
RFR,The Rotherham NHS Foundation Trust,Rotherham;TRFT,Acute and Acute & Community Trusts,North East and Yorkshire,South Yorkshire,Henry,https://www.therotherhamft.nhs.uk/about-us/board-meetings,"Strategy: dated board-pack PDFs listed directly on the landing page (29 found this run), one per meeting. Static fetch works. Prefer 'Public Board Pack' / 'Board Papers' / 'Agenda and Papers'; filter observer notes, Q&A and addendums. Pattern A.",False,Public Board Pack;Board Papers;Agenda and Papers,Observer notes;Q&A;ICP Board;Minutes only;Addendum;Part B;Confidential,2026-05-29,papers_found,"Validator (static) found dated_pdfs=29, year_archives=0, meeting_subpages=0.",,,,,
RGD,Leeds and York Partnership NHS Foundation Trust,Leeds and York Partnership;Leeds York Partnership;LYPFT,"Mental Health & Learning Disability and Mental Health, Learning Disability & Community Trusts",North East and Yorkshire,West Yorkshire,Henry,https://www.leedsandyorkpft.nhs.uk/about-us/board-of-directors/board-of-directors-meetings/,,,,,,,,,,,,
RHQ,Sheffield Teaching Hospitals NHS Foundation Trust,Sheffield Teaching Hospitals;STH,Acute and Acute & Community Trusts,North East and Yorkshire,South Yorkshire,Henry,https://www.sth.nhs.uk/about-us/board-meetings/,"Landing page is live but WebFetch is WAF-blocked (HTTP 403 / connection reset); use Playwright. The landing page lists meeting dates and links to per-year 'Board Papers' pages at /about-us/{YEAR}-board-papers/. The current-year page is an accordion/tablist: each meeting date is a collapsed tab whose individual enclosure PDFs are only revealed when clicked, so Playwright is required to click each tab and harvest links. PDFs are NOT a single pack — each agenda enclosure is a separate PDF (lettered A, B, C...) served from /download/clientfiles/files/ or the older /clientfiles/File/ path with URL-encoded spaces. Re-verified 2026-09-05: the WAF refused the first two attempts (curl exit 000) but a browser-UA request with --retry succeeded (200, 32KB), exposing the /about-us/{YYYY}-board-papers/ per-year links including 2026 and dates through November 2026. Retry before escalating to a browser - the block is intermittent, not absolute.",True,/about-us/{YYYY}-board-papers/;/download/clientfiles/files/*.pdf;/clientfiles/File/*.pdf;enclosure letter prefixes e.g. 'X - 20251125 - BOD',/2020-board-papers/;/2021-board-papers/;/2022-board-papers/;/2023-board-papers/;/2024-board-papers/;/2025-board-papers/;official-publications,2026-09-19,papers_found,Re-confirmed 2026-09-19 by search-index evidence: the DB landing is live and the documented per-year pages /about-us/2026-board-papers/ and /about-us/2025-board-papers/ both resolve. Direct fetch stayed WAF-blocked from this machine.,,,,,
RJL,Northern Lincolnshire and Goole NHS Foundation Trust,Northern Lincolnshire and Goole,Acute and Acute & Community Trusts,North East and Yorkshire,Humber and North Yorkshire,Henry,https://www.nlg.nhs.uk/resources/?resources_type=board-papers,"Pattern B (year archives) + Boards-in-Common. Northern Lincolnshire and Goole runs Trust Boards-in-Common with Hull (HUTH) under the NHS Humber Health Partnership; combined packs are published on the NLG site. Landing lists year cards (""Board papers 2026"", ""Board papers 2025"", ...); click a year card (e.g. https://www.nlg.nhs.uk/resources/board-papers-2026/) to reach a table of one combined PDF per bi-monthly meeting under /wp-content/uploads/. The previous DB URL (/resources/board-papers-archive-2021/) still resolves but is a stale year-specific page; this hub auto-surfaces the current year. Prefer the largest combined ""Board papers {Month} {Year}"" PDF; these cover both NLG and Hull.",False,Board papers {Month} {Year};Trust Boards-in-Common Papers;Combined board packs,Council of Governors;AGM;committee papers;2021 archive,2026-06-04,papers_found,Live NLG Boards-in-Common hub lists 2026 year card with Feb/Mar/Apr/May 2026 combined packs; replaced stale 2021 archive URL.,,,,,
RP5,Doncaster and Bassetlaw Teaching Hospitals NHS Foundation Trust,Doncaster and Bassetlaw Teaching Hospitals;Doncaster Bassetlaw Teaching Hospitals;DBTH,Acute and Acute & Community Trusts,North East and Yorkshire,South Yorkshire,Henry,https://www.dbth.nhs.uk/board/,,,,,,,,,,,,
RR8,Leeds Teaching Hospitals NHS Trust,Leeds Teaching Hospitals;LTHT,Acute and Acute & Community Trusts,North East and Yorkshire,West Yorkshire,Henry,https://www.leedsth.nhs.uk/about/board/meetings/,"Pattern C/F. Old url /about-us/board-papers/ is a stub with no papers; the live board meetings index is /about/board/meetings/, which lists each dated meeting and, for published meetings, a downloadable combined pack. Quirk: packs are served as a single ZIP of the public board papers, e.g. 'Thursday 28 May 2026' -> /wp-content/uploads/2026/05/LTHT-PUBLIC-Board-280526.zip, and there are also individual document pages at /documents/board-meeting-<date>/ (e.g. /documents/board-meeting-26-march-2026/). A 'View All Board Papers' filter link goes to /about/documents/?department=all&type=board-papers&sort=all. Crawler should take the latest dated meeting's LTHT-PUBLIC-Board ZIP (or open the /documents/board-meeting-<date>/ page) for the combined public pack.",False,LTHT-PUBLIC-Board;Board Meeting - <date>;Agenda - Board Meeting - <Month Year>;PUBLIC Board,Annual General Meeting;private;Part 2;committee,2026-06-04,papers_found,Board meetings index lists a 28 May 2026 public-board ZIP pack and a 26 March 2026 board-meeting document page on the org's own domain.,,,,,
RV9,Humber Teaching NHS Foundation Trust,Humber Teaching,"Mental Health & Learning Disability and Mental Health, Learning Disability & Community Trusts",North East and Yorkshire,Humber and North Yorkshire,Henry,https://www.humber.nhs.uk/about/trust-board/,"Two-hop year-folder structure (Pattern B). The main /about/trust-board/ page only links to a 'Public Board Papers' sub-page; that sub-page (/about/trust-board/public-board-papers/) then links to per-year folders 'Public Board Papers 2026' and 'Public Board Papers 2025', each of which lists single combined-pack PDFs named 'Public Board Papers - [DD Month YYYY]' under /media/. The Trust meets in public every other month. A crawler should follow Trust Board → Public Board Papers → each year folder, then collect the /media/*.pdf pack links. Use /public-board-dates/ for the forward schedule.",False,Public Board Papers - [date];/media/*.pdf combined pack,Public Board Dates (schedule only);Meet the Board;minutes only,2026-06-13,papers_found,"2026 folder lists 'Public Board Papers - 27 May 2026', '25 March 2026', '28 January 2026'; 2025 folder includes 'Public Board Papers - 28 May 2025'.",,,,,
RWA,Hull University Teaching Hospitals NHS Trust,Hull University Teaching Hospitals;HUTH,Acute and Acute & Community Trusts,North East and Yorkshire,Humber and North Yorkshire,Henry,https://www.nlg.nhs.uk/resources/?resources_type=board-papers,"Pattern F (wrong-url-fixed) + B (year archives). OLD url https://www.hey.nhs.uk/about-us/board-papers/ 301-redirects off-domain to https://www.hull.nhs.uk/ (homepage) and the legacy /about-us/trust-board-meetings/ path 404s on the new domain. Since 2024 Hull University Teaching Hospitals (HUTH) and Northern Lincolnshire and Goole operate as 'Trust Boards-in-Common' under the NHS Humber Health Partnership group, and the combined board packs are published on the NLG website. NEW landing https://www.nlg.nhs.uk/resources/?resources_type=board-papers lists year cards ('Board papers 2026', 'Board papers 2025', ...); a crawler clicks the year card (e.g. https://www.nlg.nhs.uk/resources/board-papers-2025/) to reach a table of one combined PDF per bi-monthly meeting (Feb/Apr/Jun/Aug/Oct/Dec) under /wp-content/uploads/2025/01/. These packs explicitly cover BOTH NLG and Hull (the only board for Hull now), so the largest combined 'Board-papers-{Month}-{Year}.pdf' is the right pack. Quirk: all year-folder uploads sit in the /2025/01/ path regardless of meeting month; hey.nhs.uk only retains pre-2024 Hull-only archives.",False,Board papers {Month} {Year};Trust Boards-in-Common Papers;Boards-in-Common;Combined board papers,Council of Governors;CoG meeting papers;Annual General Meeting;AGM;committee papers;pre-2024 Hull-only archive,2026-06-04,papers_found,"NLG board-papers year page lists six 2025 Boards-in-Common combined PDFs (Feb-Dec 2025) plus a 'Board papers 2026' archive, explicitly covering Hull University Teaching Hospitals under the group structure.",,,,Humber Health Partnership board - packs hosted on the NLaG domain,https://www.nlg.nhs.uk/resources/?resources_type=board-papers
RWY,Calderdale and Huddersfield NHS Foundation Trust,Calderdale and Huddersfield;Calderdale Huddersfield;CHFT,Acute and Acute & Community Trusts,North East and Yorkshire,West Yorkshire,Henry,https://www.cht.nhs.uk/publications/board-of-directors-meeting-dates-and-papers,"Static server-rendered TYPO3 page; no Playwright needed. Upcoming-meeting table at top lists each 2026 Board of Directors meeting with a direct 'Agenda and Papers' link to a single combined PDF (visible in raw HTML). Past years (2025 back to 2015) sit in collapsed 'Show+' accordions that expand client-side; to enumerate historic packs click the year header or derive from the folder pattern. Prefer this /publications/ landing over the /about-us/board-of-directors bio page. PDF pattern: /fileadmin/site_setup/contentUploads/About_us/Publications/BoardPapers/<YEAR>/Combined_-_Public_Board_of_Directors_-_<Weekday>_<D>_<Month>_<YYYY>_WEBSITE.pdf Confirmed 2026-09-05 by browser-UA curl (200, 104KB): the archive is complete and current to Sept/Nov 2026. Note for summarisers - a WebFetch of this page tends to report only the first year block (e.g. 'newest 15 January 2026') because the per-year sections are long; parse the whole document rather than trusting a truncated read. Re-verified 2026-09-12 by browser-UA curl (200, 104KB): 126 PDF hrefs on the page, the /fileadmin/.../BoardPapers/<YEAR>/Combined_-_Public_Board_of_Directors_-_<date>_WEBSITE.pdf pattern unchanged and current.",False,"One combined PDF per meeting (agenda+papers merged);Filenames use underscores, often end _WEBSITE.pdf",/about-us/board-of-directors (director bios);pre-2020 BoardPapers/BOD_2017/;Annual Reports under Publications/Annual_Reports/,2026-09-19,papers_found,"Re-confirmed 2026-09-19 via WebFetch: combined Public Board of Directors PDFs under /fileadmin/.../BoardPapers/2026/, 2026 schedule running through November, archive back to 2015.",,,,,
RXE,Rotherham Doncaster and South Humber NHS Foundation Trust,Rotherham Doncaster and South Humber;Rotherham NHS Foundation Trust;Rotherham;TRFT,"Mental Health & Learning Disability and Mental Health, Learning Disability & Community Trusts",North East and Yorkshire,South Yorkshire,Henry,https://www.rdash.nhs.uk/document-sections/board-of-directors/,Pattern C (per-meeting sub-pages) + F (wrong-url-fixed). OLD url https://www.rdash.nhs.uk/about-us/governance/board-of-directors/board-of-directors-meetings/ is a meetings-overview page that contains NO papers itself; it only schedules dates and points to a separate document repository plus a YouTube playlist (it states packs are emailed on request 5 working days ahead). NEW landing https://www.rdash.nhs.uk/document-sections/board-of-directors/ is the document section that lists per-meeting 'Board of directors packs {Month} {Year}' sub-pages (e.g. May/March/January 2026) and separate 'minutes' entries. A crawler opens the latest 'packs' sub-page (e.g. https://www.rdash.nhs.uk/documents/board-of-directors-packs-may-2026/) to reach the combined agenda pack PDF for that meeting; the section is paginated ('Next: 2 of 4'). Quirk: packs and minutes are separate entries - follow the 'packs' (not 'minutes') link for the full board pack.,False,Board of directors packs {Month} {Year};Agenda packs for the {Month} {Year} board of directors meeting,minutes;Council of Governors;committee;AGM;YouTube playlist,2026-06-04,papers_found,"Document section lists 2026 board pack sub-pages (May/March/January 2026) each linking the meeting's combined agenda pack, plus matching minutes entries.",,,,,
RXF,Mid Yorkshire Teaching NHS Trust,Mid Yorkshire Teaching;MYTT;Mid Yorkshire Hospitals,Acute and Acute & Community Trusts,North East and Yorkshire,West Yorkshire,Henry,https://www.midyorks.nhs.uk/board-meetings/,,,,,,,,,,,,
RXG,South West Yorkshire Partnership Teaching NHS Foundation Trust,South West Yorkshire Partnership Teaching;South West Yorkshire Partnership NHS Foundation Trust;South West Yorkshire Partnership;SWYPFT,"Mental Health & Learning Disability and Mental Health, Learning Disability & Community Trusts",North East and Yorkshire,West Yorkshire,Henry,https://www.southwestyorkshire.nhs.uk/about-us-2/how-were-run/our-trust-board/meeting-papers/,"Current URL is live and correct; reported 'broken' was transient/WAF. WordPress site under About us > How we're run > Our Trust Board > Meetings and papers. Page archives meetings chronologically back to 2008, each with agenda+papers PDF and minutes PDF hosted at /wp-content/uploads/YYYY/MM/. Next meeting 30 June 2026. Retry WebFetch on 403; no JS rendering needed.",False,/wp-content/uploads/2026/;Public-agenda-and-papers-TB-DD.MM.YY;Public-Board-agenda-and-papers-DD.MM.YY,minutes;governance-documents;register,2026-09-19,papers_found,"Re-confirmed 2026-09-19 via WebFetch: latest 28 July 2026 agenda+papers at /wp-content/uploads/2026/07/, archive back to 2008. The no_papers_visible flag was a local-fetch false negative.",,,,,
RY6,Leeds Community Healthcare NHS Trust,Leeds Community Healthcare,Community Trusts,North East and Yorkshire,West Yorkshire,Henry,https://leedscommunityhealthcare.nhs.uk/about-us/board-of-directors/board-papers-and-meetings/,,,,,,,,,,,,
TAD,Bradford District Care NHS Foundation Trust,Bradford District Care,"Mental Health & Learning Disability and Mental Health, Learning Disability & Community Trusts",North East and Yorkshire,West Yorkshire,Henry,https://www.bdct.nhs.uk/about-us/board-meetings-and-papers/,"Strategy: dated board-pack PDFs listed directly on the landing page (89 found this run), one per meeting. Static fetch works. Prefer 'Public Board Pack' / 'Board Papers' / 'Agenda and Papers'; filter observer notes, Q&A and addendums. Pattern A.",False,Public Board Pack;Board Papers;Agenda and Papers,Observer notes;Q&A;ICP Board;Minutes only;Addendum;Part B;Confidential,2026-05-29,papers_found,"Validator (static) found dated_pdfs=89, year_archives=0, meeting_subpages=1.",,,,,
TAH,Sheffield Health Partnership University NHS Foundation Trust,Sheffield Health Partnership University;Sheffield Health and Social Care;Sheffield Health and Social Care NHS Foundation Trust,"Mental Health & Learning Disability and Mental Health, Learning Disability & Community Trusts",North East and Yorkshire,South Yorkshire,Henry,https://www.sheffieldpartnership.nhs.uk/about-us/board-directors/meeting-minutes-and-agendas,"Pattern A/F (wrong-url-fixed): the trust rebranded and the old shsc.nhs.uk domain 301-redirects to sheffieldpartnership.nhs.uk. The old DB url pointed at the directors bio page (/about-us/board-directors) which only lists members and meeting dates plus a link 'Agenda papers for meetings can be found here'. The correct landing page is the child /about-us/board-directors/meeting-minutes-and-agendas, where each meeting is listed newest-first with individual links to an 'Agenda' PDF and 'Unconfirmed minutes' PDF stored under /sites/default/files/YYYY-MM/. There are no combined packs — a crawler follows each per-meeting Agenda/minutes PDF link directly. Quirk: filenames are URL-encoded with spaces (e.g. '00 Agenda Public BoD May 2026 .pdf').",False,Agenda Public BoD;Public BoD;unconfirmed minutes public BoD;Board of Directors,Council of Governors;Gifts Hospitality;Declarations of Interests;register,2026-06-04,papers_found,"Confirmed dated agenda/minutes PDFs for the 28 May 2026 public Board of Directors meeting plus March 2026, January 2026 and November 2025 on the meeting-minutes-and-agendas page on the live sheffieldpartnership.nhs.uk domain.",,,,,
RCX,The Queen Elizabeth Hospital King's Lynn NHS Foundation Trust,Queen Elizabeth Hospital King's Lynn;Queen Elizabeth Hospital Kings Lynn;QEH Kings Lynn;QEHKL,Acute and Acute & Community Trusts,East of England,Norfolk and Waveney,James,https://www.qehkl.nhs.uk/about-us/meetings-of-the-board-of-directors/,,,,,,,,,,,Norfolk and Waveney University Hospitals Group,https://nw-uhg.org.uk/p/about-us/meetings-and-agendas
RDE,East Suffolk and North Essex NHS Foundation Trust,East Suffolk and North Essex;ESNEFT;East Suffolk North Essex,Acute and Acute & Community Trusts,East of England,Suffolk and North East Essex,James,https://www.esneft.nhs.uk/about-us/how-we-work/board-of-directors-meetings/,"Landing page lists financial-year folder links such as '2025 to 2026 Board meetings papers', '2024 to 2025 Board meetings papers' and '2026 to 2027 Board meetings papers'; follow each year link (Pattern B) to reach individual dated meeting sub-pages (e.g. 'May 2026 ESNEFT board meeting papers') which then host the downloadable PDFs (Pattern C nesting). Papers are published a few days before each meeting. No PDFs are exposed directly on the landing page, so a crawler must traverse year folder, then meeting page, then PDF. Target the per-meeting 'agenda and papers' packs.",False,YYYY to YYYY Board meetings papers;Month YYYY ESNEFT board meeting papers;agenda and papers,approved minutes;Chief Executive office contact;draft resolutions only,2026-06-13,papers_partial,Confirmed year-folder structure on landing with current folders '2025 to 2026 Board meetings papers' and a '2026 to 2027' folder containing 'May 2026 ESNEFT board meeting papers'.,,,,,
RGM,Royal Papworth Hospital NHS Foundation Trust,Royal Papworth Hospital,Acute Specialist Trusts,East of England,Cambridgeshire and Peterborough,James,https://royalpapworth.nhs.uk/our-hospital/how-we-are-run/our-board-directors/board-directors-meetings,,,,,,,,,,,,
RGN,North West Anglia NHS Foundation Trust,North West Anglia;NWAFT;Peterborough City Hospital,Acute and Acute & Community Trusts,East of England,Cambridgeshire and Peterborough,James,https://www.nwangliaft.nhs.uk/our-board-papers/,"The /trust-board/ page only shows meeting dates plus declarations/gifts PDFs and links onward to 'Our Board Papers' at /our-board-papers/, which is the real archive. That archive is a JS 'media browser' widget with year folders (Board Papers 2022-2026); the year/document list and per-document PDF URLs are injected client-side, so a plain static fetch returns the folder shell with no PDF hrefs, it must be rendered (Playwright/headless) to enumerate the dated agenda/minutes/papers PDFs inside each year folder. Open the 2026 (and 2025) folder, then collect the per-meeting PDFs. Prefer the latest meeting's agenda/papers pack. Filter out 2022-2024 folders and the standing declarations/gifts-and-hospitality PDFs.",True,Board Papers 2026;Board Papers 2025;media browser year folder;/download/,declarations-of-interests;gifts-hospitality-and-sponsorship;Board Papers 2022;Board Papers 2023;Board Papers 2024,2026-06-06,needs_playwright,Archive is a client-rendered media browser exposing 2025 and 2026 board-paper folders but no PDF hrefs in static HTML.,,,,,
RGP,James Paget University Hospitals NHS Foundation Trust,James Paget University Hospitals;JPUH,Acute and Acute & Community Trusts,East of England,Norfolk and Waveney,James,https://www.jpaget.nhs.uk/about-us/our-board-and-governors/board-and-governors-meetings/,"Pattern A/F (wrong-url-fixed): the old DB url (/about-us/our-board-and-governors/our-board-of-directors/) is just director biographies with no papers, and the previously linked /about-us/board-of-directors/meetings path now 404s (confirmed dead in Playwright too). The correct live archive is /about-us/our-board-and-governors/board-and-governors-meetings/, which lists meetings newest-first with a single large combined 'Part A complete pack' PDF per public meeting stored under /media/<hash>/. A crawler grabs the per-meeting '...part-a-complete-pack.pdf' link. Quirk: the trust is transitioning to a Norfolk and Waveney University Hospitals Group Board (shared with Norfolk and Norwich and QEH King's Lynn) from April 2026, so 2026 packs may appear under the new Group Board section on this same page; prefer the JPUH/Group 'in public' Part A complete pack and skip Council of Governors items.",False,board-of-directors-meeting-in-public-part-a-complete-pack;Part A complete pack;Board of Directors in public;Group Board,Council of Governors;Part B;private;Integrated Board Report;Chief Nurse Report;Declarations of Interest,2026-06-04,papers_found,"Confirmed dated combined public board packs for 26 September 2025 and 25 July 2025 on the board-and-governors-meetings page, with a noted transition to Norfolk and Waveney Group Board meetings from April 2026.",,,,Norfolk and Waveney University Hospitals Group,https://nw-uhg.org.uk/p/about-us/meetings-and-agendas
RGR,West Suffolk NHS Foundation Trust,West Suffolk,Acute and Acute & Community Trusts,East of England,Suffolk and North East Essex,James,https://www.wsh.nhs.uk/our-organisation/how-we-are-run/trust-board,,,,,,,,,,,,
RGT,Cambridge University Hospitals NHS Foundation Trust,Cambridge University Hospitals;CUH;Addenbrooke's,Acute and Acute & Community Trusts,East of England,Cambridgeshire and Peterborough,James,https://www.cuh.nhs.uk/about-us/board-directors/board-of-directors-meetings/,"The current landing URL is correct; the ERR_CONNECTION_RESET on direct fetch and Playwright is a WAF/anti-bot block, not a moved page -- WebFetch (different infra) reaches it fine, so prefer plain static fetch/WebFetch and skip headless Playwright (also reset). The landing is an index of year links (2017-2026); no PDFs on it. Drill down: index -> year page (e.g. /2026-board-of-directors-meetings/) lists meeting dates -> each links to an /events/board-of-directors-meeting-DD-month-YYYY/ page -> that event page holds the single 'Meeting papers' full-pack PDF. A scan must follow two hops.",False,"year sub-pages /board-of-directors-meetings/{YYYY}-board-of-directors-meetings/;event pages /events/board-of-directors-meeting-{DD}-{month}-{YYYY}/;'Full Pack' / 'Meeting papers' labels;meetings ~quarterly (Mar, Jun, Sep, Dec)",Google cache / Wayback / news domains;/council-governors-meetings;director profile pages;annual report and accounts PDFs,2026-09-26,papers_found,"Re-confirmed 2026-09-26 via server-side WebFetch of the year page /board-of-directors-meetings/2026-board-of-directors-meetings/: quarterly 2026 meetings listed as /events/ pages (11 March, 10 June, 9 September, 9 December 2026). The landing index itself was ECONNRESET on every route this run, so go straight to the year page if the index refuses; the local connection-reset remains a WAF artefact, not a move.",,,,,
RM1,Norfolk and Norwich University Hospitals NHS Foundation Trust,Norfolk and Norwich University Hospitals;Norfolk Norwich University Hospitals;NNUH,Acute and Acute & Community Trusts,East of England,Norfolk and Waveney,James,https://www.nnuh.nhs.uk/about-us/trust-board-meetings/,,,,,,,,,,,Norfolk and Waveney University Hospitals Group,https://nw-uhg.org.uk/p/about-us/meetings-and-agendas
RMY,Norfolk and Suffolk NHS Foundation Trust,Norfolk and Suffolk,"Mental Health & Learning Disability and Mental Health, Learning Disability & Community Trusts",East of England,Norfolk and Waveney,James,https://www.nsft.nhs.uk/board-papers/,,,,,,,,,,,,
RT1,Cambridgeshire and Peterborough NHS Foundation Trust,Cambridgeshire and Peterborough,"Mental Health & Learning Disability and Mental Health, Learning Disability & Community Trusts",East of England,Cambridgeshire and Peterborough,James,https://www.cpft.nhs.uk/board-of-directors/,"All board packs are listed directly on the single landing page (Pattern A) under a 'Previous Meetings' section, newest first, as direct PDF links with 'Public Board Meeting Papers DDMMYYYY.pdf' / 'Public Board Meeting Book - DD.MM.YYYY.pdf' naming. A crawler can harvest dated PDFs in one pass; no year folders or per-meeting sub-pages exist. Skip the 'Upcoming Meetings' section which lists future dates with no downloadable papers.",False,Public Board Meeting Papers DDMMYYYY.pdf;Public Board Meeting Book - DD.MM.YYYY.pdf;Public Board Papers,Upcoming Meetings (dates with no PDF);minutes only,2026-06-13,papers_found,Direct PDFs visible e.g. 'Public Board Meeting Book - 03.06.2026.pdf' (June 2026) and 'Public Board Meeting Papers 26112025.pdf' (Nov 2025).,,,,,
RY3,East of England Community Health and Care NHS Trust,East of England Community Health and Care;Norfolk Community Health and Care NHS Trust;Cambridgeshire Community Services NHS Trust,Community Trusts,East of England,Norfolk and Waveney; Cambridgeshire and Peterborough,James,https://eastofenglandcommunityhealthandcare.nhs.uk/about-us/our-board/board-meetings-and-reports/,"Patterns A+C: a single landing page lists all 2025-26 meetings in date order, each meeting expanding to the individual papers for that meeting as directly-linked PDFs (an agenda numbered 00-...-agenda plus separately numbered item PDFs); there are no year archives or separate sub-pages. The page briefly shows 'Content is loading...' but all PDF links are present in the static HTML, so JavaScript is not strictly required. Quirk: PDFs live under /media/<hash>/ with date-coded, item-numbered filenames (e.g. 00-2026-05-20-trust-board-meeting-in-public-agenda-final.pdf); this is a newly-merged GROUP trust so recent agendas are titled 'Group Trust Board meeting in public' - keep these but skip any committee or partnership/joint papers; there is no single combined bundle, so a crawler should collect all per-item PDFs under each dated meeting, anchored by the 00-...-agenda file.",False,trust-board-meeting-in-public;group-trust-board-meeting-in-public;00-...-agenda;/media/;<yyyy-mm-dd>-trust-board;meeting in public,committee;Part II;confidential;private;in-private;joint;partnership;/media/.*-agm-,2026-06-04,papers_found,"Landing page directly lists dated meetings with agenda and item PDFs for 28 Jan, 18 Mar, 1 Apr and 20 May 2026 plus Sep and Nov 2025.",,,,,
R0D,University Hospitals Dorset NHS Foundation Trust,University Hospitals Dorset,Acute and Acute & Community Trusts,South West,Dorset,Joe,https://www.uhd.nhs.uk/about-us/our-performance,"Pattern A/F (wrong-url-fixed): the old DB url /about-us/our-performance/board-papers is only a navigation hub that links onward to /about-us/our-performance, the real board-meetings listing. That page shows 2026 meeting dates and, newest-first, a single combined 'Board of Director Part 1 Meeting Pack <date>' PDF per public meeting plus separate Agenda and 'Reading room' PDFs, all stored under /uploads/about/docs/bod/<year>/. A crawler follows the per-meeting 'bod-<mon><yy>.pdf' combined pack link. Quirk: combined pack filenames are short codes (bod-may26.pdf) while agenda/appendix files use longer descriptive names; only Part 1 (public) packs are published.",False,Board of Director Part 1 Meeting Pack;bod-;Part 1 Meeting Pack;Board of Directors,Part 2;private;Reading room;agenda;appendix;Council of Governors,2026-08-22,papers_found,"Landing validator 2026-08-22: papers_found - 21 dated PDFs, 1 year archives, 0 meeting sub-pages visible on the landing (HTTP 200).",,,,,
RA7,Bristol NHS Foundation Trust,Bristol FT;University Hospitals Bristol and Weston NHS Foundation Trust;University Hospitals Bristol and Weston;UHBW;North Bristol NHS Trust;North Bristol;NBT,Acute and Acute & Community Trusts,South West,"Bristol, North Somerset and South Gloucestershire",Joe,https://www.bristolft.nhs.uk/about-us/our-board/board-meetings,"MERGER: North Bristol NHS Trust (RVJ) and University Hospitals Bristol and Weston NHS FT (RA7) combined on 1 July 2026 to form Bristol NHS Foundation Trust, which holds a single board. The RVJ row was retired on 2026-08-22 and folded into this one. Live board archive is www.bristolft.nhs.uk/about-us/our-board/board-meetings: static server-rendered, no Playwright, listing each dated public board meeting with a 'Board papers published' link to a single combined PDF under /sites/default/files/<yyyy-mm>/ plus a YouTube recording link. Board meets roughly every other month (14 Jul 2026 papers live; forward dates 8 Sep, 10 Nov 2026, 12 Jan, 9 Mar 2027) and papers publish about a week before, under press embargo until the meeting. Months with no public meeting may still post a standalone Integrated Quality Performance Report - that is not a board pack. Two legacy archives remain live and are the only source for pre-July-2026 packs, so keep both for backfill: UHBW/group packs at uhbw.nhs.uk (/p/historic-meeting-papers-1 and the flat /assets/1/ PDF store, filenames like public_group_board_meeting_13012026_papers.pdf), and North Bristol's own year pages at nbt.nhs.uk/about-us/meet-our-board/trust-board-meetings-<yyyyyyyy>.",False,'Board papers published' link on each dated meeting;/sites/default/files/<yyyy-mm>/*Board*Meeting*.pdf;legacy UHBW backfill: /assets/1/public_group_board_meeting_<ddmmyyyy>_papers.pdf;legacy NBT backfill: nbt.nhs.uk/about-us/meet-our-board/trust-board-meetings-<yyyyyyyy>,"Integrated Quality Performance Report (standalone, non-meeting months);council_of_governors;minutes;meeting recording / YouTube links;attending-board-meetings",2026-08-22,papers_found,Re-verified 2026-08-22: 14 July 2026 board pack published on the bristolft.nhs.uk landing; Sept 2026 to Mar 2027 dates listed pending papers.,RVJ,2026-07-01,,,
RA9,Torbay and South Devon NHS Foundation Trust,Torbay and South Devon,Acute and Acute & Community Trusts,South West,Devon,Joe,https://www.torbayandsouthdevon.nhs.uk/about-us/board-meetings/,,,,,2026-08-22,papers_found,"Landing validator 2026-08-22: papers_found - 14 dated PDFs, 0 year archives, 0 meeting sub-pages visible on the landing (HTTP 200).",,,,,
RBD,Dorset County Hospital NHS Foundation Trust,Dorset County Hospital,Acute and Acute & Community Trusts,South West,Dorset,Joe,https://www.dchft.nhs.uk/about-us/trust-board/trust-board-meetings/,"Pattern A. From the landing /about-us/trust-board/ a crawler follows the one-click child 'Trust Board Meetings' link to /about-us/trust-board/trust-board-meetings/, which lists each public meeting by date with a direct link to the full Part 1 paper pack PDF hosted under /wp-content/uploads/YYYY/MM/. Dorset County Hospital now meets as part of a Dorset 'Board in Common', so recent packs are named 'Board-in-Common-Part-1-Paper-Pack' alongside older 'Board-of-Directors-part-1-papers' naming; both are the trust's own board papers. The original landing /about-us/trust-board/ shows no papers itself (validator was right) but the dated PDFs live one click down on the meetings sub-page. Only Part 1 (public) packs are published; Part 2 is confidential.",False,Board-in-Common-Part-1-Paper-Pack;Board-of-Directors-part-1-papers;Part-1-Board-papers;/wp-content/uploads/;part-1,part-2;confidential;Front-sheet;Annual-Safe-Staffing-Report,2026-06-04,papers_found,"Trust Board Meetings sub-page lists dated 2025 and 2026 Part 1 board paper pack PDFs (e.g. Feb, Apr, Jun, Aug, Oct, Dec 2025 and Feb, Apr 2026).",,,,,
RD1,Royal United Hospitals Bath NHS Foundation Trust,Royal United Hospitals Bath;RUH Bath;RUH,Acute and Acute & Community Trusts,South West,"Bath and North East Somerset, Swindon and Wiltshire",Joe,https://www.ruh.nhs.uk/about/trustboard/index.asp,"Legacy ASP CMS but fully live and current. The landing /about/trustboard/index.asp lists forthcoming meetings and a month dropdown (Jan 2020 through the latest 2026 meeting). Each meeting has its own month page /about/trustboard/YYYY_MM/index.asp linking a single combined PDF at /about/trustboard/YYYY_MM/documents/Combined_paper_pack.pdf. All pages render statically -- no Playwright. To find the newest pack, read the landing for the latest YYYY_MM then hit that month's Combined_paper_pack.pdf. Papers carry a press embargo until after the meeting. Re-verified 2026-09-12 by browser-UA curl (200): landing and month dropdown intact, forthcoming meetings listed to 4 March 2027; the per-month /about/trustboard/YYYY_MM/ gateway pages still hold the combined pack, which is why the landing itself shows no PDFs.",False,/about/trustboard/YYYY_MM/index.asp per-meeting page;/about/trustboard/YYYY_MM/documents/Combined_paper_pack.pdf single combined pack;month dropdown enumerates all meetings,/about/trustboard/Archive/ (pre-2020);BSW Group Board packs on gwh.nhs.uk;pdffiller.com and other aggregator copies,2026-09-19,papers_found,"Re-confirmed 2026-09-19 via WebFetch: month dropdown current to Thursday 3 September 2026, each month page linking a combined pack. no_papers_visible reflects that the PDFs sit one hop down, not on the landing.",,,,,
RDY,Dorset Healthcare University NHS Foundation Trust,Dorset Healthcare University,"Mental Health & Learning Disability and Mental Health, Learning Disability & Community Trusts",South West,Dorset,Joe,https://www.dorsethealthcare.nhs.uk/about-us/trust-board,"Strategy: dated board-pack PDFs listed directly on the landing page (14 found this run), one per meeting. Static fetch works. Prefer 'Public Board Pack' / 'Board Papers' / 'Agenda and Papers'; filter observer notes, Q&A and addendums. Pattern A.",False,Public Board Pack;Board Papers;Agenda and Papers,Observer notes;Q&A;ICP Board;Minutes only;Addendum;Part B;Confidential,2026-05-29,papers_found,"Validator (static) found dated_pdfs=14, year_archives=0, meeting_subpages=0.",,,,,
REF,Royal Cornwall Hospitals NHS Trust,Royal Cornwall Hospitals;RCHT,Acute and Acute & Community Trusts,South West,Cornwall and the Isles of Scilly,Joe,https://royalcornwallhospitals.nhs.uk/organisation/board-meetings/,"Current landing URL is live and correct; it is an index page that links OUT to the separate document subdomain doclibrary-rcht.cornwall.nhs.uk, one .aspx page per financial year (BoardMeetings2627.aspx, BoardMeetings2526.aspx, etc., plus BoardMeetingsIndex.aspx for older). The actual dated PDFs live under doclibrary-rcht.cornwall.nhs.uk/DocumentsLibrary/RoyalCornwallHospitalsTrust/ChiefExecutive/TrustBoard/Minutes/{2526}/{YYYYMM}/. Two-hop crawl: from landing page get the current-year .aspx, then harvest 'AgendaPack' PDFs (each monthly board has one combined Agenda Pack; alternate months carry only an IPR). WebFetch works on the doclibrary subdomain.",False,doclibrary-rcht.cornwall.nhs.uk/DocumentsLibrary/RoyalCornwallHospitalsTrust/ChiefExecutive/TrustBoard/Minutes/;AgendaPack;TrustBoardPublic;AnnualPublicMeeting,IPR;IntegratedPerformanceReport;AnnualReportAndAccounts;Strategy,2026-09-26,papers_found,Re-confirmed 2026-09-26 via server-side WebFetch: landing live with the Annual Public Meeting on 17 September 2026 and per-financial-year links into doclibrary-rcht (BoardMeetings2627.aspx through BoardMeetings2223.aspx) intact. Note the 2026-27 year link is currently wrapped in an Outlook safelinks redirect - unwrap the url= parameter before following it. Local 403 is a local-path block only.,,,,,
RH5,Somerset NHS Foundation Trust,Somerset,Acute and Acute & Community Trusts,South West,Somerset,Joe,https://www.somersetft.nhs.uk/about-us/trust-board-meetings/,"Strategy: dated board-pack PDFs listed directly on the landing under year headings ('2026 Board Papers', '2025 Board Papers', '2024 board papers') - no year tabs, no per-meeting sub-pages. Each entry links straight to a combined 'Boardbook' PDF in the WordPress media library at /about-us/wp-content/uploads/sites/148/YYYY/MM/. Latest confirmed 14 July 2026. Note two quirks: large meetings are occasionally split into PART 1 / PART 2 files (take both), and the odd entry links a .docx agenda rather than a PDF. Extraordinary meetings appear inline alongside ordinary ones. Static fetch works via server-side WebFetch; the local scan's read-timeout is a local-path artefact. Prefer filenames containing 'Boardbook'.",False,Boardbook;Public Board Meeting;FINAL Boardbook for website,Extraordinary;Agenda only;.docx,2026-08-15,papers_found,"Verified 2026-08-15 via WebFetch: Trust board meetings page live with year-grouped Boardbook PDFs, latest 14 July 2026 under /about-us/wp-content/uploads/sites/148/2026/07/. The local read-timeout was a false positive.",,,,,
RH8,Royal Devon University Healthcare NHS Foundation Trust,Royal Devon University Healthcare;RDUH;Royal Devon,Acute and Acute & Community Trusts,South West,Devon,Joe,https://www.royaldevon.nhs.uk/about-us/board-of-directors/board-meetings-papers-minutes/,"Landing page is live and current but the site sits behind a WAF that returns HTTP 403 to WebFetch; use Playwright/headless browser, which loads it cleanly. The page lists the current calendar year's meetings inline with a 'Board papers and minutes' section giving, per meeting date, a meeting-pack PDF link plus a separate 'Minutes' PDF link, all served from the /media/{hash}/ path on the org domain. Older years live at .../board-meetings-papers-minutes/archive/. Match the meeting-pack PDF (filenames contain 'pack' or 'meeting-book' or 'meeting-pack'), not the minutes. UPDATE 5 Aug 2026: Playwright is no longer required. Archive.org Save Page Now (GET https://web.archive.org/save/<landing>) returns the live page with document links (direct fetch 403s with a 473-byte body; SPN returned 200 / 88KB / 8 doc links). SPN is much cheaper than a browser launch - try it first, keep Playwright as the backstop. UPDATE 2026-09-19: server-side WebFetch reached the landing and enumerated the 29 July 2026 pack without a 403 this week, so try WebFetch before Playwright; the archive_org_save_page_now route stays available as the backstop.",False,/media/{hash}/rduh-*-pack*.pdf;/media/{hash}/*meeting-pack*.pdf;/media/{hash}/*meeting-book*.pdf;board-public-{YYYYMMDD},minutes;action-tracker;glossary_of_acronyms;/archive/,2026-09-19,papers_found,"Re-confirmed 2026-09-19 via WebFetch, which reached the page cleanly this week: latest pack rduh-public-board-20260729-meeting-book-for-the-public-updated-20260729.pdf (29 July 2026), plus minutes and Vimeo recordings.",,,archive_org_save_page_now,,
RJ8,Cornwall Partnership NHS Foundation Trust,Cornwall Partnership,"Mental Health & Learning Disability and Mental Health, Learning Disability & Community Trusts",South West,Cornwall and the Isles of Scilly,Joe,https://www.cornwallft.nhs.uk/board-papers/,,,,,,,,,,,,
RK9,University Hospitals Plymouth NHS Trust,University Hospitals Plymouth;UHP;Plymouth Hospitals,Acute and Acute & Community Trusts,South West,Devon,Joe,https://www.plymouthhospitals.nhs.uk/trust-board-meetings-and-papers/,,,,,,,,,,,,
RN3,Great Western Hospitals NHS Foundation Trust,Great Western Hospitals;GWH,Acute and Acute & Community Trusts,South West,"Bath and North East Somerset, Swindon and Wiltshire",Joe,https://www.gwh.nhs.uk/about-us/trust-board/board-meetings/,,,,,2026-08-22,papers_found,"Landing validator 2026-08-22: papers_found - 46 dated PDFs, 0 year archives, 0 meeting sub-pages visible on the landing (HTTP 200).",,,,,
RNZ,Salisbury NHS Foundation Trust,Salisbury,Acute and Acute & Community Trusts,South West,"Bath and North East Somerset, Swindon and Wiltshire",Joe,https://www.salisbury.nhs.uk/about-us/the-trust-board/board-papers/,"Pattern B + C. The original landing /trust-board-meetings/ only lists upcoming meeting dates (no papers, validator correct). The papers live one click away at /about-us/the-trust-board/board-papers/, which is a year-archive index (Board papers 2026, Board papers 2025, etc.). Each year folder lists per-meeting sub-pages (e.g. '8 January 2026 Public Trust Board', '5 March 2026', '13 May Trust Board') and each year folder reportedly contains ~89 files. A crawler follows board-papers -> board-papers-YYYY -> per-meeting page -> individual paper/agenda PDFs. Papers are split into many individual item PDFs per meeting rather than one combined pack, so collect all PDFs under each per-meeting sub-page (prefer an 'agenda'/'papers' combined item if present).",False,board-papers-2026;board-papers-2025;public-trust-board;trust-board;agenda;papers,governors;council-of-governors;minutes-of-previous,2026-08-22,papers_found,"Landing validator 2026-08-22: papers_found - 0 dated PDFs, 5 year archives, 0 meeting sub-pages visible on the landing (HTTP 200).",,,,,
RTE,Gloucestershire Hospitals NHS Foundation Trust,Gloucestershire Hospitals;Glos Hospitals;GlossHospitals,Acute and Acute & Community Trusts,South West,Gloucestershire,Joe,https://www.gloshospitals.nhs.uk/about-us/our-board/board-papers/,,,,,,,,,,,,
RTQ,Gloucestershire Health and Care NHS Foundation Trust,Gloucestershire Health and Care,"Mental Health & Learning Disability and Mental Health, Learning Disability & Community Trusts",South West,Gloucestershire,Joe,https://www.ghc.nhs.uk/who-we-are/board-and-governors/,"Strategy: dated board-pack PDFs listed directly on the landing page (25 found this run), one per meeting. Static fetch works. Prefer 'Public Board Pack' / 'Board Papers' / 'Agenda and Papers'; filter observer notes, Q&A and addendums. Pattern A.",False,Public Board Pack;Board Papers;Agenda and Papers,Observer notes;Q&A;ICP Board;Minutes only;Addendum;Part B;Confidential,2026-05-29,papers_found,"Validator (static) found dated_pdfs=25, year_archives=0, meeting_subpages=1.",,,,,
RVN,Avon and Wiltshire Mental Health Partnership NHS Trust,Avon and Wiltshire Mental Health Partnership,"Mental Health & Learning Disability and Mental Health, Learning Disability & Community Trusts",South West,"Bath and North East Somerset, Swindon and Wiltshire",Joe,https://www.awp.nhs.uk/about-us/publications/board-papers,"Landing page presents a document-library table of financial-year folder links (e.g. '2025 - 2026', '2024 - 2025') using internal /navigate/{id}/35520#document-library-35520 URLs; follow each year link (Pattern B) to reach that year's folder of dated board-paper PDFs. The landing page itself only exposes two reference documents ('Guidance on assurance rating', 'Risk appetite statement'), not the meeting packs. A crawler must click the year folder link to enumerate dated packs; the internal navigate IDs are dynamic so resolve them from the live landing page rather than hard-coding.",False,YYYY - YYYY;navigate/{id}/35520#document-library-35520;Board papers,Guidance on assurance rating;Risk appetite statement;download_file reference docs,2026-09-05,papers_found,"2026-09-05: WebFetch reached the page; papers grouped by financial year with 2026-2027 present, navigated via /navigate/{id}/35520 year links.",,,,,
RWV,Devon Partnership NHS Trust,Devon Partnership,"Mental Health & Learning Disability and Mental Health, Learning Disability & Community Trusts",South West,Devon,Joe,https://www.dpt.nhs.uk/publications/,"Strategy: landing lists year archives (3 year links this run, e.g. 'Board papers 2025'). Follow each year link to dated PDF listings; main packs typically 5-30MB. Static fetch works. Pattern B.",False,Board Papers;Public Board Pack,Observer notes;Q&A;ICP Board;Minutes only;Addendum;Part B;Confidential,2026-05-29,papers_found,"Validator (static) found dated_pdfs=0, year_archives=3, meeting_subpages=0.",,,,,
RPG,Oxleas NHS Foundation Trust,Oxleas,"Mental Health & Learning Disability and Mental Health, Learning Disability & Community Trusts",London,South East London,Ella,https://www.oxleas.nhs.uk/board-papers/,,,,,,,,,,,,
RQY,South West London and St George's Mental Health NHS Trust,South West London and St George's Mental Health;St George's University Hospitals NHS Foundation Trust;St Georges University Hospitals;St George's,"Mental Health & Learning Disability and Mental Health, Learning Disability & Community Trusts",London,South West London,Ella,https://swlstg.nhs.uk/our-board,"Strategy: board papers, agendas and minutes are listed directly on the trust-board landing page (swlstg.nhs.uk/our-board), grouped by year, one entry per bi-monthly meeting. Prefer the 'Trust Board Part A' main pack (skip Part B / private). Static fetch works. Pattern F: DB URL was previously the wrong domain (stgeorges.nhs.uk = St George's University Hospitals, a different trust); corrected 2026-05-29.",False,Trust Board Part A;main pack;supplementary pack,Part B;Minutes only;private,2026-05-29,papers_found,Corrected from wrong domain; new page shows 2025-2026 Trust Board Part A main + supplementary packs.,,,,,
RV5,South London and Maudsley NHS Foundation Trust,South London and Maudsley;SLaM;South London Maudsley,"Mental Health & Learning Disability and Mental Health, Learning Disability & Community Trusts",London,South East London,Ella,https://www.slam.nhs.uk/about-us/trust-board/,,,,,,,,,,,,
R1H,Barts Health NHS Trust,Barts Health;Barts,Acute and Acute & Community Trusts,London,North East London,Matt D,https://www.bartshealth.nhs.uk/board-meetings,,,,,,,,,,,,
R1K,London North West University Healthcare NHS Trust,London North West University Healthcare,Acute and Acute & Community Trusts,London,North West London,Matt D,https://www.nwl-acute-provider-group.nhs.uk/publications,,,,,,,,,,,NW London Acute Provider Collaborative Board in Common,https://www.nwl-acute-provider-group.nhs.uk/publications
RAL,Royal Free London NHS Foundation Trust,Royal Free London;Royal Free;RFL,Acute and Acute & Community Trusts,London,North Central London,Matt D,https://www.royalfree.nhs.uk/about-us/trust-board/trust-board-meetings,Strategy: /about-us/trust-board/trust-board-meetings is correct (archive at /about-us/trust-board/archived-board-papers; also hosts former North Middlesex board papers). Site WAF returns 403/500 to non-browser fetchers. Pattern E anti-bot — use a browser/Playwright; bi-monthly meetings.,True,Board papers;Agenda,Observer notes;Q&A;ICP Board;Minutes only;Addendum;Part B;Confidential,2026-08-15,needs_playwright,"2026-08-15: WebFetch returned HTTP 403, matching the recorded anti-bot behaviour; the shallow check returned HTTP 200 so the URL stands. Browser/Playwright remains the working route.",,,,,
RAS,The Hillingdon Hospitals NHS Foundation Trust,Hillingdon Hospitals,Acute and Acute & Community Trusts,London,North West London,Matt D,https://www.nwl-acute-provider-collaborative.nhs.uk/publications,"Hillingdon does not publish a standalone trust board; it sits in the North West London Acute Provider Collaborative 'Board in Common' (four acute trusts), so its current board papers are the group's Board-in-Common packs. The provider-group site (nwl-acute-provider-group.nhs.uk) only has a 'meet the board' page with no papers; the actual dated packs live on the NWL Acute Provider Collaborative site under /publications (and its /events meeting pages), as single 'full pack'/'agenda and papers' PDFs at /-/media/website/nwl-acute-provider-collaborative/documents/board-in-common/...-full-pack.pdf or agenda-and-papers--board-in-common-public--DDMMYYYY.pdf. The same PDFs are mirrored on imperial.nhs.uk. Confirmed 2026 public meetings: 20 Jan, 28 Apr, 28 Jul. Note imperial.nhs.uk and the collaborative pages may 403 to bare fetchers; fetch the PDF URLs directly or render. Prefer the public 'full pack' for the latest past meeting; ignore the parallel provider-group domain and 'Part 2/confidential' items.",False,/-/media/website/nwl-acute-provider-collaborative/documents/board-in-common/;nwl-apc-board-in-common-public-meeting-DDMMYYYY--full-pack.pdf;agenda-and-papers--board-in-common-public--DDMMYYYY.pdf,nwl-acute-provider-group.nhs.uk/about-us/board-in-common;Part 2;confidential;private,2026-06-06,papers_found,Board-in-Common full-pack PDFs for 20 Jan 2026 and 28 Apr 2026 (covering Hillingdon) are published on the NWL Acute Provider Collaborative site.,,,,NW London Acute Provider Collaborative Board in Common,https://www.nwl-acute-provider-group.nhs.uk/publications
RF4,"Barking, Havering and Redbridge University Hospitals NHS Trust","Barking, Havering and Redbridge University Hospitals",Acute and Acute & Community Trusts,London,North East London,Matt D,https://www.bhrhospitals.nhs.uk/papers-minutes/,"Landing page shows a 'Folders' list (e.g. 'January 2026', 'March 2026', 'May 2026', 'Previous years') as clickable month folders using /papers-minutes?smbfolder={id} URLs (Pattern B/C); follow each month folder to reach the full board pack PDF inside. Packs are full 'Trust Board (Public) Papers' documents served via /download.cfm?doc=...&ver=... links, not minutes. A crawler must enter each month folder to obtain the dated PDF; the 'Previous years' folder shows 0 files but real packs sit in the dated month folders.",False,Trust Board (Public) Papers DD.MM.YY;Month YYYY folder;download.cfm?doc=...&ver=,Procedure for questions from the public;Teams meeting links;Previous years (0 files),2026-06-13,papers_partial,Inside the folder structure confirmed pack 'Trust Board (Public) Papers 15.01.26 (v2) For Website Reduced Size.pdf' (uploaded 16 Jan 2026); March/May 2026 folders present.,,,,,
RKE,Whittington Health NHS Trust,Whittington Health,Acute and Acute & Community Trusts,London,North Central London,Matt D,https://www.whittington.nhs.uk/default.asp?c=20208,"Classic ASP page lists board packs directly on the landing (Pattern A) under year headings ('Meetings in 2026', 'Meetings in 2025') as dated hyperlinks of the form 'Download the board papers for DD Month YYYY' pointing to internal numeric document IDs. A crawler can harvest all dated packs in a single pass; no year folders or per-meeting sub-pages. Ignore the 'printed copies on request' note.",False,Download the board papers for DD Month YYYY;Meetings in YYYY;numeric document ID links,Printed copies available on request;minutes only,2026-06-13,papers_found,Direct dated links e.g. 'Download the board papers for 21 May 2026' (doc 16288) and 'Download the board papers for 26 November 2025' (doc 16128).,,,,,
RQM,Chelsea and Westminster Hospital NHS Foundation Trust,Chelsea and Westminster Hospital;Chelsea Westminster Hospital;ChelWest,Acute and Acute & Community Trusts,London,North West London,Matt D,https://www.chelwest.nhs.uk/about-us/board-of-directors/,"Strategy: landing lists year archives (5 year links this run, e.g. 'Board papers 2025'). Follow each year link to dated PDF listings; main packs typically 5-30MB. Static fetch works. Pattern B.",False,Board Papers;Public Board Pack,Observer notes;Q&A;ICP Board;Minutes only;Addendum;Part B;Confidential,2026-05-29,papers_found,"Validator (static) found dated_pdfs=0, year_archives=5, meeting_subpages=2.",,,,NW London Acute Provider Collaborative Board in Common,https://www.nwl-acute-provider-group.nhs.uk/publications
RQX,Homerton Healthcare NHS Foundation Trust,Homerton Healthcare,Acute and Acute & Community Trusts,London,North East London,Matt D,https://www.homerton.nhs.uk/board-papers/,"Landing page lists board packs directly (Pattern A) under year groupings ('2026', '2025', '2024') with each month name acting as a hyperlink to a dated PDF at /download/{slug}.pdf. A crawler can harvest all month PDFs from this single index in one pass; there are no intermediate folders or per-meeting sub-pages.",False,Month name link under YYYY heading;/download/{month}-{year}.pdf;papers-{month}-{year}.pdf,minutes only;non-dated reference docs,2026-06-13,papers_found,Direct PDFs e.g. May 2026 (/download/may-2026-paperspdf.pdf) and November 2025 (/download/november-2025.pdf).,,,,,
RRV,University College London Hospitals NHS Foundation Trust,University College London Hospitals;UCLH,Acute and Acute & Community Trusts,London,North Central London,Matt D,https://www.uclh.nhs.uk/about-us/who-we-are/board-directors/board-meetings-and-papers,"Strategy: dated board-pack PDFs listed directly on the landing page (12 found this run), one per meeting. Static fetch works. Prefer 'Public Board Pack' / 'Board Papers' / 'Agenda and Papers'; filter observer notes, Q&A and addendums. Pattern A. Re-verified 2026-09-05: server-side WebFetch returned only the site navigation (no paper links) while browser-UA curl got the full page (200, 706KB) with packs through July 2026 served as /download_file/{id}/680 handler links rather than .pdf hrefs - an extension-based link filter will miss them, and a nav-only WebFetch result is a fetch artefact, not a stale page.",False,Public Board Pack;Board Papers;Agenda and Papers,Observer notes;Q&A;ICP Board;Minutes only;Addendum;Part B;Confidential,2026-09-05,papers_found,2026-09-05: browser-UA curl returned HTTP 200 (706KB) with dated packs through July 2026; server-side WebFetch returned only the nav shell.,,,,,
RYJ,Imperial College Healthcare NHS Trust,Imperial College Healthcare;Imperial Healthcare,Acute and Acute & Community Trusts,London,North West London,Matt D,https://www.imperial.nhs.uk/about-us/board-papers/,,,,,,,,,,,NW London Acute Provider Collaborative Board in Common,https://www.nwl-acute-provider-group.nhs.uk/publications
RAN,Royal National Orthopaedic Hospital NHS Trust,Royal National Orthopaedic Hospital;RNOH,Acute Specialist Trusts,London,North West London,Matt D,https://www.rnoh.nhs.uk/about-us/corporate-information/board-meetings,"Strategy: dated board-pack PDFs listed directly on the landing page (34 found this run), one per meeting. Static fetch works. Prefer 'Public Board Pack' / 'Board Papers' / 'Agenda and Papers'; filter observer notes, Q&A and addendums. Pattern A.",False,Public Board Pack;Board Papers;Agenda and Papers,Observer notes;Q&A;ICP Board;Minutes only;Addendum;Part B;Confidential,2026-05-29,papers_found,"Validator (static) found dated_pdfs=34, year_archives=0, meeting_subpages=1.",,,,,
RP4,Great Ormond Street Hospital for Children NHS Foundation Trust,Great Ormond Street Hospital for Children;Great Ormond Street;GOSH,Acute Specialist Trusts,London,North Central London,Matt D,https://www.gosh.nhs.uk/about-us/who-we-are/organisational-structure/trust-board/trust-board-meetings/,"Landing page is live and even loads via WebFetch (no WAF block observed). The page lists, per meeting date, a single combined 'Download meeting papers {Month YYYY}' PDF plus a 'final minutes' PDF; the combined agenda+papers pack is one file served from the media.gosh.nhs.uk/documents/ subdomain. Take the meeting-papers pack (filenames contain 'Trust_Board_agenda_and_papers_{DDMMYY}'), not the minutes. Older years have their own sub-pages (.../trust-board-papers-{YEAR}/).",False,media.gosh.nhs.uk/documents/*Trust_Board_agenda_and_papers_{DDMMYY}.pdf;media.gosh.nhs.uk/documents/Public_Trust_Board_agenda_and_papers_*.pdf;'Download meeting papers {Month} {Year}' link text,minutes;trust-board-papers-2015;trust-board-papers-201;members-council;publication-scheme,2026-09-05,papers_found,"2026-09-05: WebFetch reached the page; 26 dated packs listed, newest 'Download meeting papers June 2026' (18 June 2026, 6.1MB).",,,,,
RRU,London Ambulance Service NHS Trust,London Ambulance Service;LAS,Ambulance Trusts,London,-,Matt D,https://www.londonambulance.nhs.uk/about-us/how-we-are-run/trust-board/,,,,,2026-08-22,papers_found,"Landing validator 2026-08-22: papers_found - 0 dated PDFs, 3 year archives, 2 meeting sub-pages visible on the landing (HTTP 200).",,,,,
RAT,North East London NHS Foundation Trust,North East London;NELFT,"Mental Health & Learning Disability and Mental Health, Learning Disability & Community Trusts",London,North East London,Matt D,https://www.nelft.nhs.uk/about-us-board-papers/,,,,,2026-08-22,papers_found,"Landing validator 2026-08-22: papers_found - 18 dated PDFs, 0 year archives, 3 meeting sub-pages visible on the landing (HTTP 200).",,,,,
RKL,West London NHS Trust,West London,"Mental Health & Learning Disability and Mental Health, Learning Disability & Community Trusts",London,North West London,Matt D,https://www.westlondon.nhs.uk/about-us/trust-board/board-papers,"Strategy: dated board-pack PDFs listed directly on the landing page (55 found this run), one per meeting. Static fetch works. Prefer 'Public Board Pack' / 'Board Papers' / 'Agenda and Papers'; filter observer notes, Q&A and addendums. Pattern A.",False,Public Board Pack;Board Papers;Agenda and Papers,Observer notes;Q&A;ICP Board;Minutes only;Addendum;Part B;Confidential,2026-05-29,papers_found,"Validator (static) found dated_pdfs=55, year_archives=0, meeting_subpages=0.",,,,,
RV3,Central and North West London NHS Foundation Trust,Central and North West London,"Mental Health & Learning Disability and Mental Health, Learning Disability & Community Trusts",London,North Central London,Matt D,https://www.cnwl.nhs.uk/about/planning-performance-and-reports,,,,,2026-08-22,papers_found,"Landing validator 2026-08-22: papers_found - 13 dated PDFs, 0 year archives, 5 meeting sub-pages visible on the landing (HTTP 200).",,,,,
RWK,East London NHS Foundation Trust,East London;North East London NHS Foundation Trust;NELFT,"Mental Health & Learning Disability and Mental Health, Learning Disability & Community Trusts",London,North East London,Matt D,https://www.elft.nhs.uk/information-about-elft/our-board/trust-board-meetings/trust-board-papers,"Pattern A/F (dated combined PDFs on the corrected sub-page; wrong-url-fixed). Old URL (/trust-board-meetings) is a hub page that only links out ('You can find our Board Meeting papers here') with no dated PDFs, hence no_papers_visible. New URL is the trust-board-papers sub-page which lists each meeting date with a 'Combined board papers' link to a single combined PDF under /sites/default/files/{yyyy-mm}/. Recent entries run May 2026, March 2026, January 2026, December 2025, September 2025, etc. A crawler should take the most recent date's 'Combined board papers' PDF (the full pack). Older years are under a separate 'papers-previous-years' sub-page. Note: org is East London NHS Foundation Trust (ELFT); the names list also mentions NELFT but that is a different trust.",False,Combined board papers;TBD PUBLIC;Combined Papers;Trust Board in Public,previous years;Acronyms.pdf;minutes,2026-06-04,papers_found,Corrected sub-page lists Combined board paper PDFs through 21 May 2026.,,,,,
R0B,South Tyneside and Sunderland NHS Foundation Trust,South Tyneside and Sunderland;South Tyneside Sunderland;STSFT,Acute and Acute & Community Trusts,North East and Yorkshire,North East and North Cumbria,Matt M,https://www.stsft.nhs.uk/about-us/our-people/our-board/board-papers,"Static HTML page, no Playwright and no 403. Full archive grouped by fiscal year (2026/27 back to 2019/20); each meeting date links directly to a single combined agenda-and-papers PDF via the trust's /download_file/view/<uuid>/668 handler. WebFetch renders fine; prefer plain static fetch. Separate legacy governor/predecessor-trust pages (South Tyneside STFT, Sunderland CHSFT) under /meeting-times-agendas-and-papers are council-of-governors, not the main Board -- skip. Re-verified 2026-09-12 by browser-UA curl (200, 155KB): 42 /download_file/view/<uuid>/668 pack links across the fiscal-year groupings, newest meeting 6 August 2026.",False,"Board meetings bimonthly, first-of-alternate-months;Each date links to one combined PDF /download_file/view/<uuid>/668;download_file suffix /668 is the board-papers collection id",/meeting-times-agendas-and-papers/south-tyneside (legacy STFT);sunderland legacy CHSFT governor pages;council-of-governors pages,2026-09-19,papers_found,"Re-confirmed 2026-09-19 via WebFetch: fiscal-year archive back to 2019/20, each meeting linking a combined pack via the /download_file/view/<uuid>/668 handler. no_papers_visible was a local-fetch false negative.",,,,,
RNN,North Cumbria Integrated Care NHS Foundation Trust,North Cumbria Integrated Care,Acute and Acute & Community Trusts,North East and Yorkshire,North East and North Cumbria,Matt M,https://www.ncic.nhs.uk/trust/how-we-are-run/board-meetings,"Pattern A: the landing page lists a combined 'Agenda and Papers' board-pack PDF per meeting directly, grouped under year headings (2026, 2025, etc.), all visible in static HTML. Each link is a single large combined PDF served via the CMS download endpoint of form https://www.ncic.nhs.uk/download_file/view/<id>/268 (the /268 suffix is the board-papers document category; numeric ids are non-sequential and not date-derivable, so a crawler must scrape the dated link text on this page rather than guess ids). PDFs are large (10MB+). Upcoming-meeting links of form /events/event-details?occurrenceID=NNNN are calendar entries, not packs. No JS rendering needed.",False,/download_file/view/<id>/268;Agenda and Papers,/events/event-details;occurrenceID=,2026-06-04,papers_found,Static page lists dated combined Agenda+Papers board-pack PDFs for 2025 and 2026; sampled May 2026 link returned a multi-MB PDF.,,,,,
RR7,Gateshead Health NHS Foundation Trust,Gateshead Health;QE Gateshead,Acute and Acute & Community Trusts,North East and Yorkshire,North East and North Cumbria,Matt M,https://www.gatesheadhealth.nhs.uk/news/resources_type/board-papers/,,,,,2026-08-22,papers_found,"Landing validator 2026-08-22: papers_found - 2 dated PDFs, 0 year archives, 2 meeting sub-pages visible on the landing (HTTP 200).",,,,,
RTD,The Newcastle upon Tyne Hospitals NHS Foundation Trust,Newcastle upon Tyne Hospitals;Newcastle Hospitals;NUTH,Acute and Acute & Community Trusts,North East and Yorkshire,North East and North Cumbria,Matt M,https://www.newcastle-hospitals.nhs.uk/about/board-of-directors-2/board-of-directors-papers/,,,,,,,,,,,,
RTF,Northumbria Healthcare NHS Foundation Trust,Northumbria Healthcare,Acute and Acute & Community Trusts,North East and Yorkshire,North East and North Cumbria,Matt M,https://www.northumbria.nhs.uk/about-us/corporate-information/strategies-and-reports/board-papers,"Static-fetchable landing page (HTTP 200) listing dated full board packs directly, grouped under year headings (2026, 2025). Each entry is a 'Public board papers - [Month Year]' anchor that links straight to a single PDF download at /download_file/{id}/875 — no year sub-folders or per-meeting sub-pages to traverse. Crawl the landing, collect all anchors whose text matches 'Public board papers - <Month> <Year>' and resolve the /download_file/ href as the dated board-pack PDF. Pattern A. The board meets bi-monthly so expect ~6 packs/year. Ignore the separate 'Guidance note for public meetings' and any future-dates list with no download link yet.",False,Public board papers - {Month} {Year};/download_file/{id}/875,Guidance note for public meetings;future dates with no download link,2026-06-13,papers_found,Confirmed dated packs e.g. 'Public board papers - January 2026' (/download_file/3812/875) and 'Public board papers - November 2025' (/download_file/3764/875).,,,,,
RTR,South Tees Hospitals NHS Foundation Trust,South Tees Hospitals;South Tees,Acute and Acute & Community Trusts,North East and Yorkshire,North East and North Cumbria,Matt M,https://www.southtees.nhs.uk/resources/?topic=board-of-directors,"South Tees and North Tees now run a single joint 'University Hospitals Tees' (UHT) group board, so the papers are GROUP packs published on the South Tees domain. The current /about/university-hospitals-tees/board-meetings/ landing is just a description page and shows no PDFs directly. The real archive is the resources filter /resources/?topic=board-of-directors, which lists 'Group Board of Directors Agenda - <date>' entries (7 May 2026, 5 Mar 2026, 8 Jan 2026, 6 Nov 2025, 3 Jul 2025...). Each entry is a per-meeting sub-page (e.g. /resources/group-board-of-directors-agenda-5-march-2026/) containing the direct combined papers PDF under /wp-content/uploads/{YYYY}/{MM}/. Crawler path: load the resources filter -> follow each 'group-board-of-directors-agenda-{date}' sub-page -> grab the /wp-content/uploads/.../Board-of-Directors-papers-*.pdf (or UHT-Board-Public-Papers-*.pdf) link. Static fetch sufficient. Prefer the single combined 'papers' PDF; filter committee/quality-assurance items.",False,/resources/group-board-of-directors-agenda-{date}/;/wp-content/uploads/{YYYY}/{MM}/Board-of-Directors-papers-{date}.pdf;/wp-content/uploads/{YYYY}/{MM}/UHT-Board-Public-Papers-{date}.pdf,minutes;committee,2026-06-06,papers_found,Resources filter lists dated UHT group board agendas/papers and a confirmed 5 March 2026 papers PDF resolves on the southtees.nhs.uk domain.,,,,,
RVW,North Tees and Hartlepool NHS Foundation Trust,North Tees and Hartlepool;North Tees Hartlepool;NTH,Acute and Acute & Community Trusts,North East and Yorkshire,North East and North Cumbria,Matt M,https://www.southtees.nhs.uk/resources/?topic=board-of-directors,"RVW (North Tees) shares the same single University Hospitals Tees group board with South Tees, so the authoritative dated packs live on the South Tees domain, NOT the nth.nhs.uk page. The nth.nhs.uk board-meetings page only lists future event stubs plus a 'Group board papers' resources link, hence 'papers_partial'. The complete combined UHT group packs are hosted on southtees.nhs.uk under /wp-content/uploads/{YYYY}/{MM}/. Point the crawler at the South Tees resources filter (same group pack as RTR) since these UHT packs cover both trusts. Navigation: resources filter -> per-meeting 'group-board-of-directors-agenda-{date}' sub-page -> direct papers PDF. Static fetch works; prefer the combined public papers PDF; dedupe against RTR since it is the same physical pack.",False,/resources/group-board-of-directors-agenda-{date}/;/wp-content/uploads/{YYYY}/{MM}/UHT-Board-Public-Papers-{date}.pdf;/wp-content/uploads/{YYYY}/{MM}/Board-of-Directors-papers-{date}.pdf,minutes;committee;/about/events/,2026-06-06,papers_found,Same UHT group board as South Tees; dated 2026 group packs confirmed on the shared southtees.nhs.uk domain.,,,,University Hospitals Tees group board - packs hosted on the SOUTH Tees domain,https://www.southtees.nhs.uk/resources/?topic=board-of-directors
RX3,"Tees, Esk and Wear Valleys NHS Foundation Trust","Tees, Esk and Wear Valleys","Mental Health & Learning Disability and Mental Health, Learning Disability & Community Trusts",North East and Yorkshire,North East and North Cumbria,Matt M,https://www.tewv.nhs.uk/about/board/papers-previous-board-meetings/,"Strategy: dated board-pack PDFs listed directly on the landing page (53 found this run), one per meeting. Static fetch works. Prefer 'Public Board Pack' / 'Board Papers' / 'Agenda and Papers'; filter observer notes, Q&A and addendums. Pattern A.",False,Public Board Pack;Board Papers;Agenda and Papers,Observer notes;Q&A;ICP Board;Minutes only;Addendum;Part B;Confidential,2026-05-29,papers_found,"Validator (static) found dated_pdfs=53, year_archives=0, meeting_subpages=0.",,,,,
RX4,"Cumbria, Northumberland, Tyne and Wear NHS Foundation Trust","Cumbria, Northumberland, Tyne and Wear;CNTW;Cumbria Northumberland Tyne Wear","Mental Health & Learning Disability and Mental Health, Learning Disability & Community Trusts",North East and Yorkshire,North East and North Cumbria,Matt M,https://www.cntw.nhs.uk/about/team/board/,"The old publications library (/about/publications/ and the ?filter_publication_type=344 filter, plus per-meeting /about/publications/board-papers-DATE/ pages) has been decommissioned and now returns hard 404s. The current canonical board landing is /about/team/board/ (title 'Board and Governors'), which loads cleanly via static fetch and lists the latest meeting packs (Jan 2026, April 2026, plus Council of Governors packs) as download links of the form /download_file/{uuid}/258 rather than direct .pdf URLs. The trust holds quarterly public board meetings; this page surfaces the most recent few packs, so follow each download_file link. Raw /wp-content/uploads/*.pdf files exist on the CDN but return 403 to bots behind the WAF — prefer the on-page download_file links. Prefer 'Board of Directors PUBLIC papers' over Council of Governors items.",False,/download_file/;Board of Directors;PUBLIC papers;/wp-content/uploads/;Month-YYYY,council-of-governor;private;confidential;agenda-only;minutes,2026-06-27,papers_found,/about/team/board/ lists 'CNTW Board of Directors Public Papers Jan 2026' and 'April 2026' (posted 17/06/2026) as download_file links; old publications pages return genuine 404.,,,,,
RXP,County Durham and Darlington NHS Foundation Trust,County Durham and Darlington;County Durham Darlington;CDDFT,Acute and Acute & Community Trusts,North East and Yorkshire,North East and North Cumbria,Matt M,https://www.cddft.nhs.uk/about-us/corporate-information/trust-board/board-meetings-and-papers,,,,,,,,,,,,
R1F,Isle of Wight NHS Trust,,Acute and Acute & Community Trusts,South East,Hampshire and Isle of Wight,Mimi,https://www.iow.nhs.uk/about-us/our-trust-board,,,,,,,,,,,,
RDU,Frimley Health NHS Foundation Trust,Frimley Health;FHFT,Acute and Acute & Community Trusts,South East,Frimley,Mimi,https://www.fhft.nhs.uk/about-us/how-we-are-run/trust-board,"The URL is valid. The near-empty body is NOT client-side JS — the whole fhft.nhs.uk domain sits behind Imperva/Incapsula bot mitigation serving an hCaptcha 'Additional security check is required' interstitial to traffic it scores as automated. Behind the wall the board landing lists upcoming meetings and a 'Previous meetings' archive, with the dated pack list under the sub-page /about-us/how-we-are-run/trust-board/trust-board-and-meetings. Packs are combined PDFs under /application/files/ (pattern 'FHFT_Public_Bd_<D.MM.YY>_v1.pdf'). Do not confuse with the separate NHS Frimley ICB site (frimley.icb.nhs.uk). ACCESS ROUTE (checked 2026-07-31): the Imperva block is specific to the LOCAL fetch path — plain `requests` and local headless Playwright both get the 212-byte _Incapsula_Resource hCaptcha shell. Server-side WebFetch is NOT blocked and reaches this page normally, and pack PDFs on this domain download fine through it. So DO NOT read needs_playwright:true here as 'skip the cheap fetchers' — do the opposite: try WebFetch FIRST, and only escalate if it fails. Treat this record as 'local crawler blocked, server-side fetch works', not 'unreachable'. If you are running from a machine whose IP Imperva scores badly, a captcha-solving/residential session or an allowlisted IP is the fallback. Route check 2026-08-15: server-side WebFetch returned an empty body (the Incapsula shell) this run, so the WebFetch route is intermittent, NOT dead - it has previously pulled this domain's pages and packs fine. Keep trying WebFetch first and only escalate to a captcha-solving / residential session if it fails again. Landing URL unchanged (shallow check HTTP 200). Re-probe 2026-08-22: local requests and local headless Playwright both still get the Incapsula shell, and server-side WebFetch returned an empty body this run too, so the mitigation may have widened. Do NOT read that as the archive being dead - WebFetch has reached this domain before and remains the first thing to try. Route re-probe 2026-09-12: still blocked on every route tried from here - local browser-UA requests returned only the ~845-byte Incapsula/hCaptcha challenge shell and server-side WebFetch returned an empty body again. Two things confirm this is routing and not the trust withdrawing its papers: the shallow check still gets HTTP 200 on this exact URL with NO redirect, and WebFetch has previously pulled this domain's pages and packs fine. So keep the order - try WebFetch first, then a plain browser-UA static fetch, and only then escalate to a captcha-solving or residential session / allowlisted IP. Do not rewrite this record as 'unreachable'. Route check 2026-09-26: server-side WebFetch returned an empty body again from this session, and the local static path stayed behind the Incapsula shell, so the cheap routes are INTERMITTENT rather than closed - still try WebFetch FIRST (it has reached this domain before and costs nothing) and only then escalate. This is a block on the fetch path from this machine, not evidence the trust has stopped publishing.",True,sub-page /about-us/how-we-are-run/trust-board/trust-board-and-meetings;'Previous meetings' archive by year,"frimley.icb.nhs.uk (the ICB, not the acute trust);Imperva/hCaptcha challenge shell",2026-09-26,needs_playwright,"2026-09-26: URL still resolves with no redirect, but both routes tried from this session were refused - server-side WebFetch returned an empty body and the local browser-UA path stayed on the Incapsula/hCaptcha shell. Treat as a routing block, not a withdrawal of papers; the previously-recorded working routes stand and should be tried first.",,,,,
RHM,University Hospital Southampton NHS Foundation Trust,University Hospital Southampton;UHS;Southampton University Hospitals,Acute and Acute & Community Trusts,South East,Hampshire and Isle of Wight,Mimi,https://www.uhs.nhs.uk/about-the-trust/how-the-trust-is-run/trust-board,,,,,,,,,,,,
RHU,Portsmouth Hospitals University NHS Trust,Portsmouth Hospitals University National Health Service Trust;Portsmouth Hospitals;PHU,Acute and Acute & Community Trusts,South East,Hampshire and Isle of Wight,Mimi,https://www.porthosp.nhs.uk/about-us/our-trust/our-trust-board,"Strategy: landing lists year archives (3 year links this run, e.g. 'Board papers 2025'). Follow each year link to dated PDF listings; main packs typically 5-30MB. Static fetch works. Pattern B.",False,Board Papers;Public Board Pack,Observer notes;Q&A;ICP Board;Minutes only;Addendum;Part B;Confidential,2026-05-29,papers_found,"Validator (static) found dated_pdfs=3, year_archives=3, meeting_subpages=0.",,,,,
RHW,Royal Berkshire NHS Foundation Trust,Royal Berkshire;RBFT,Acute and Acute & Community Trusts,South East,"Buckinghamshire, Oxfordshire and Berkshire West",Mimi,http://www.royalberkshire.nhs.uk/about-us/governance/open-meetings,,,,,,,,,,,,
RN5,Hampshire Hospitals NHS Foundation Trust,Hampshire Hospitals;HHFT,Acute and Acute & Community Trusts,South East,Hampshire and Isle of Wight,Mimi,https://www.hampshirehospitals.nhs.uk/about-us/our-publications/board-directors-papers,,,,,,,,,,,,
RNU,Oxford Health NHS Foundation Trust,Oxford Health,"Mental Health & Learning Disability and Mental Health, Learning Disability & Community Trusts",South East,"Buckinghamshire, Oxfordshire and Berkshire West",Mimi,https://www.oxfordhealth.nhs.uk/about-us/board-papers/,,,,,2026-08-22,papers_found,"Landing validator 2026-08-22: papers_found - 0 dated PDFs, 0 year archives, 7 meeting sub-pages visible on the landing (HTTP 200).",,,,,
RTH,Oxford University Hospitals NHS Foundation Trust,Oxford University Hospitals;OUH,Acute and Acute & Community Trusts,South East,"Buckinghamshire, Oxfordshire and Berkshire West",Mimi,https://www.ouh.nhs.uk/about/trust-board/meetings-and-papers/,,,,,,,,,,,,
RW1,Hampshire and Isle of Wight Healthcare NHS Foundation Trust,Hampshire and Isle of Wight Healthcare;HIOW Healthcare;Southern Health NHS Foundation Trust;Southern Health;Solent NHS Trust;Solent,"Mental Health & Learning Disability and Mental Health, Learning Disability & Community Trusts",South East,Hampshire and Isle of Wight,Mimi,https://hiowhealthcare.nhs.uk/about-us/our-board/meetings-and-papers,"MERGER: Solent NHS Trust (R1C) and Southern Health NHS FT (RW1) combined on 1 October 2024 to form Hampshire and Isle of Wight Healthcare NHS Foundation Trust, which holds one board. The R1C row was retired on 2026-08-22 and folded into this one. Static-fetchable landing (Hampshire & IoW Healthcare, successor to Solent) listing dated public board meetings directly under year-range headings ('Board Meeting Papers 2026-2027', 'Board Meeting Papers 2025-2026', 'Most Recent Board Papers'). Each meeting is anchored by its date (e.g. 'Tuesday 09 December 2025') which links to the agenda/papers PDF; meetings run roughly bi-monthly on Tuesdays. No intermediate year folders or per-meeting hub pages — the dated anchor resolves to the PDF. Pattern A. Take date-text anchors under the 2025-2026 / 2026-2027 headings. Exclude the 'Confidential agenda' link that accompanies each public entry (closed-session agenda, not the public pack).",False,Tuesday {DD} {Month} {Year};Board Meeting Papers {Year}-{Year},Confidential agenda;confidential,2026-08-22,papers_found,"Landing validator 2026-08-22: papers_found - 15 dated PDFs, 0 year archives, 0 meeting sub-pages visible on the landing (HTTP 200).",R1C,2024-10-01,,,
RWX,Berkshire Healthcare NHS Foundation Trust,Berkshire Healthcare,"Mental Health & Learning Disability and Mental Health, Learning Disability & Community Trusts",South East,Frimley,Mimi,https://www.berkshirehealthcare.nhs.uk/about-us/our-board-meetings,,,,,,,,,,,,
RXQ,Buckinghamshire Healthcare NHS Trust,Buckinghamshire Healthcare;BHT,Acute and Acute & Community Trusts,South East,"Buckinghamshire, Oxfordshire and Berkshire West",Mimi,https://www.buckshealthcare.nhs.uk/publications/trust-board-papers/,"Pattern B then C: the landing page is a year-archive index linking to per-year sub-pages (e.g. /publications/trust-board-papers/trust-board-meetings-2026/ and .../trust-board-meetings-2025/), all in static HTML. Each year page lists one document-folder sub-page per meeting at /documents/<slug>-trust-board-papers-<month>-<year>/ (the slug is prefixed by a stray single letter such as 'w/x/y/z' in the link text). That document page is NOT a single combined pack: it holds many separately-linked numbered PDFs (00 Agenda, 01.1 Meeting Protocol, ... through ~22). A crawler must follow year -> meeting document page -> individual numbered PDFs; there is no combined Agenda+Papers download, so collect the full set of numbered PDFs per meeting. No JS rendering needed.",False,/publications/trust-board-papers/trust-board-meetings-<year>/;/documents/<slug>-trust-board-papers-<month>-<year>/;00 Agenda,board-affiliate-blog;organisational-chart,2026-06-04,papers_found,Year sub-pages list per-meeting document folders for 2025 and 2026; the March 2026 folder contains the numbered agenda and papers PDFs (00-22).,,,,,
R0A,Manchester University NHS Foundation Trust,Manchester University;MFT,Acute and Acute & Community Trusts,North West,Greater Manchester,Nick,https://mft.nhs.uk/the-trust/the-board/board-meetings/,"Strategy: landing has a year-selector dropdown; each meeting has its OWN page at /board-meetings/{month}-{year}/ (lowercase month, hyphen-separated, eg /board-meetings/november-2025/, /board-meetings/may-2026/). Each meeting page contains 1-2 PDFs labelled 'Download board paper' / 'Download agenda'. Brute-force enumeration of {month}-{year} slugs across the 24-month window finds ~13 valid meeting pages. Old DB URL /about-us/board-of-directors/ exists but redirects to a single old (Jan 2021) meeting page — wrong. WARNING: landing page also has a Google Translate language selector — do not click that thinking it's the year dropdown.",False,Download board paper; board paper; agenda,Confidential; Part 2; Private; Minutes only,2026-05-29,papers_found,13 in-window meetings via brute-force /board-meetings/{month-year}/ probe. May 2026 and March 2026 packs (15MB + 11MB) both have detectable BAF sections.,,,,,
RBV,The Christie NHS Foundation Trust,Christie;Christie Hospital,Acute Specialist Trusts,North West,Greater Manchester,Nick,https://www.christie.nhs.uk/about-us/the-foundation-trust/about-the-trust/board-of-directors-meetings,,,,,,,,,,,,
RM3,Northern Care Alliance NHS Foundation Trust,Northern Care Alliance;NCA,Acute and Acute & Community Trusts,North West,Greater Manchester,Nick,https://www.northerncarealliance.nhs.uk/about-us/board-directors/board-dates-and-papers,"The DB URL is correct and the page is one of the better-maintained board archives (every meeting back to September 2021 with papers, approved minutes and recordings, all inline on one server-rendered Concrete5 page - zero hops, no Playwright). CRITICAL FETCH QUIRK confirmed 2026-07-30: the edge serves a synthetic HTTP 502 to the ClaudeBot User-Agent on every path, while curl, python-requests, Googlebot, Chrome and a no-UA request all get 200. If you see a 502 here it is a User-Agent denylist, not an outage - retry with a browser User-Agent. Structure: 'Upcoming Board Meeting Dates' is BARE TEXT not links (a link-only scraper sees nothing there - parse body text); 'Watch the Board of Directors Meetings' carries the one or two newest meetings; 'Previous Board of Directors meetings' is reverse-chronological under financial-year headings. Paper links are /download_file/view/{fileID}/875 and 303-redirect to /application/files/{4}/{4}/{4}/{Name}.pdf, so follow redirects to recover the filename. Do NOT infer recency from file ID - old minutes get re-uploaded under new IDs. THE TRAP: the document-library block at the page foot (/navigate/19297/28xx) holds only legacy 2019-2021 Committee-in-Common folders, so a validator parsing only that block concludes the page is stale; the live content sits in free-text paragraphs above it. Note robots.txt disallows /download_file/* and /application/files/* with crawl-delay 20. Papers appear the Friday before each meeting. One pack PDF plus a separate, later-published minutes PDF per meeting; 'Part 1' denotes the public session. Re-verified 2026-09-05: the ClaudeBot 502 denylist is still in force - server-side WebFetch got 502 on two attempts while browser-UA curl returned 200 (293KB) with /download_file/view/{id}/875 paper links and dates running to September 2026. A 502 here continues to mean User-Agent, not outage. Re-verified 2026-09-12 by browser-UA curl (200, 293KB): 78 /download_file/ paper links present and dates running to 3 March 2027, so the browser-UA route remains the reliable one here.",False,Board of Directors Papers;Meeting Papers;papers pack;Part 1 papers pack;Download the meeting papers,approved minutes;Committee in Common (legacy 2019-2021 folders);watch the meeting video links,2026-09-26,papers_found,"Route re-check 2026-09-26: server-side WebFetch again received the documented synthetic HTTP 502, confirming the ClaudeBot User-Agent denylist on this edge is still in force (it is a UA denylist, not an outage). Last content confirmation stands from 2026-09-12 browser-UA curl (200, 293KB, 78 /download_file/ links, meeting dates 4 March 2026 to 2 September 2026 and on to 3 March 2027) - retry with a browser UA rather than treating 502 as down.",,,,,
RMC,Bolton NHS Foundation Trust,Bolton;Bolton Hospital;BTHFT,Acute and Acute & Community Trusts,North West,Greater Manchester,Nick,https://www.boltonft.nhs.uk/about-us/our-board/board-of-directors-meetings/,"Pattern C (per-meeting combined PDFs). The validator was pointed at the parent /about-us/our-board/ landing, which only describes the board and links onward; the actual papers live one click deeper at /about-us/our-board/board-of-directors-meetings/. That page lists each Board of Directors meeting by date under year headings (2026, 2025, plus archived 2024 and earlier) with a single combined PDF bundle per meeting (agenda + papers), e.g. wp-content/uploads/2026/.../Board-of-Directors-<date>.pdf. A crawler reaches dated papers by following the 'Board of Directors meetings' link from the landing, then taking the per-date PDF under each year heading; bundles are stored under /wp-content/uploads/<year>/<month>/. Bi-monthly cadence. No JS gallery, no anti-bot.",False,wp-content/uploads/;Board-of-Directors-;<date>.pdf;per-meeting combined bundle,Register-of-Interests;register-of-interests,2026-06-04,papers_found,Child meetings page lists combined Board of Directors PDF bundles for every 2025 and 2026 meeting under year headings.,,,,,
RMP,Tameside and Glossop Integrated Care NHS Foundation Trust,Tameside and Glossop Integrated Care;Tameside Glossop;Tameside Hospital,Acute and Acute & Community Trusts,North West,Greater Manchester,Nick,https://www.tamesideandglossopicft.nhs.uk/about-us/trust-oversight/trust-board/trust-board-minutesagendas,"Pattern C (per-meeting combined PDFs) plus pattern F (wrong landing fixed). The validator hit the /trust-board overview page, which only lists future meeting dates and states 'Meeting papers will be available prior to the meeting'; the papers archive is one click deeper at .../trust-board/trust-board-minutesagendas. That page lists each public Trust Board meeting by month/year with a single 'Combined Papers' PDF per meeting; URLs are inconsistent (some are friendly application/files/.../Combined_Papers...pdf paths, others are opaque /download_file/<id>/0 endpoints), so a crawler should follow each meeting's link rather than guess a pattern. Quirk: the page states old minutes/agendas are available only up to April 2026 — for meetings from April 2026 onward the trust directs users to the South East Sector Health Care Partnership site (southeastsector-hcp.nhs.uk), so this archive will become stale for newer meetings. No JS gallery, no anti-bot.",False,application/files/;Combined_Papers;download_file/<id>/0;per-meeting combined bundle,southeastsector-hcp.nhs.uk;register-of-interests,2026-06-04,papers_found,"Minutes/agendas child page has combined public Trust Board paper PDFs for every 2025 and 2026 meeting (Jan-Nov 2025, Jan and Mar 2026).",,,,South East Sector Health Care Partnership joint board (from 1 April 2026),https://www.southeastsector-hcp.nhs.uk/
RRF,"Wrightington, Wigan and Leigh Teaching Hospitals NHS Foundation Trust","Wrightington, Wigan and Leigh Teaching Hospitals;Wrightington Wigan Leigh;WWL",Acute and Acute & Community Trusts,North West,Greater Manchester,Nick,https://www.wwl.nhs.uk/board-papers,"Static HTML landing on the org domain; WebFetch renders fully, no Playwright. Lists Board of Directors public meetings grouped by year, each dated meeting exposing a 'Meeting papers' link to a single combined PDF bundle under /media/board/Papers/<year>/. Upcoming meetings appear without links until the bundle is published. An archive section links prior years. Prefer WebFetch then follow the media PDF hrefs directly. Re-verified 2026-09-12 by browser-UA curl (200, 143KB): /media/board/Papers/2026/ bundles are current to 'Board of Directors public meeting bundle - August 2026 - updated.pdf'. Filename shape is inconsistent across meetings ('Public Bundle 04.02.26 RFS', 'public bundle 01.04.26 RFS', 'meeting bundle - Public meeting 17.06.26 RFS', 'public meeting bundle - August 2026 - updated'), so match on the /media/board/Papers/<year>/ path plus 'public' rather than on a fixed filename template.",False,/media/board/Papers/<YYYY>/ path;filename contains 'Board of Directors' + 'Public' + DD.MM.YY + 'RFS';single combined bundle PDF per meeting,/media/corporate/Trust Reports/ (annual reports);pre-2020 archive under /2019/;upcoming dates without a linked PDF,2026-09-19,papers_found,Re-confirmed 2026-09-19 via WebFetch: latest Board of Directors public bundle for 05 August 2026 under /media/board/Papers/2026/. no_papers_visible was a local-fetch false negative.,,,,,
RT2,Pennine Care NHS Foundation Trust,Pennine Care,"Mental Health & Learning Disability and Mental Health, Learning Disability & Community Trusts",North West,Greater Manchester,Nick,https://www.penninecare.nhs.uk/boardmeetings,,,,,,,,,,,,
RWJ,Stockport NHS Foundation Trust,Stockport;Stockport Hospital;Stepping Hill,Acute and Acute & Community Trusts,North West,Greater Manchester,Nick,https://www.stockport.nhs.uk/about/board/board-meetings/,"Static-fetch friendly. GOVERNANCE CHANGE: from 1 April 2026 Stockport FT and Tameside & Glossop ICFT delegated authority to a Joint Board Committee ('South East Sector Health Care Partnership'); this Stockport page now hosts only legacy single-trust packs up to ~Oct 2025 (each a combined 'Public Documents' PDF per meeting) and redirects April-2026-onward Joint Board packs to the partnership site https://www.southeastsector-hcp.nhs.uk/ (single-page; lists Joint Board dates with packs served from the tamesideandglossopicft.nhs.uk/download_file/{id}/0 domain, an official partner site). To reach current 2026 papers a crawler must follow the partnership link. Prefer 'Public Documents'/'Joint Public Board Meeting Pack' PDFs; ignore 'Private Agenda'. Consider the partnership URL as a secondary source.",False,Trust Board Meeting DD.MM.YY - Public Documents;Joint Public Board Meeting Pack - {Month} 2026;tamesideandglossopicft.nhs.uk/download_file/{id}/0,Private Agenda;Constitution;Scheme of Reservation,2026-06-06,papers_found,2025 single-trust public packs on the Stockport page and a live June 2026 Joint Public Board Meeting Pack on the partnership site confirmed.,,,,South East Sector Health Care Partnership joint board (from 1 April 2026),https://www.southeastsector-hcp.nhs.uk/
RXV,Greater Manchester Mental Health NHS Foundation Trust,Greater Manchester Mental Health;GMMH,"Mental Health & Learning Disability and Mental Health, Learning Disability & Community Trusts",North West,Greater Manchester,Nick,https://www.gmmh.nhs.uk/board-meetings/,,,,,,,,,,,,
R1L,Essex Partnership University NHS Foundation Trust,Essex Partnership University;EPUT,"Mental Health & Learning Disability and Mental Health, Learning Disability & Community Trusts",East of England,Mid and South Essex,TBC,https://eput.nhs.uk/about-us/board-of-directors/board-meetings/board-papers/,"Strategy: dated board-pack PDFs listed directly on the landing page (28 found this run), one per meeting. Static fetch works. Prefer 'Public Board Pack' / 'Board Papers' / 'Agenda and Papers'; filter observer notes, Q&A and addendums. Pattern A.",False,Public Board Pack;Board Papers;Agenda and Papers,Observer notes;Q&A;ICP Board;Minutes only;Addendum;Part B;Confidential,2026-05-29,papers_found,"Validator (static) found dated_pdfs=28, year_archives=0, meeting_subpages=0.",,,,,
RAJ,Mid and South Essex NHS Foundation Trust,Mid and South Essex,Acute and Acute & Community Trusts,East of England,Mid and South Essex,TBC,https://www.mse.nhs.uk/board-meetings/,"Strategy: landing lists year folders ('Board papers 2020', 'Board papers 2025', etc) but each year link is a share-my-box embedded folder at /board-meetings?smbfolder={NNN}. The share-my-box folder is JS-rendered — direct static fetch returns 0 PDFs. Requires Playwright with networkidle wait; year-tab interactive click reveals the month's PDFs. Found 1 in-window meeting (Feb 2026, 14.3MB pack) via interactive_dom strategy in the risk-tracker discoverer; gallery may show more on a longer wait.",True,Board of Directors meeting in public papers; agenda and papers; combined papers,Confidential; Part 2; Private; Minutes only,2026-08-22,papers_found,"Landing validator 2026-08-22: papers_found - 0 dated PDFs, 5 year archives, 0 meeting sub-pages visible on the landing (HTTP 200).",,,,,
RC9,Bedfordshire Hospitals NHS Foundation Trust,Bedfordshire Hospitals;BHFT Bedford,Acute and Acute & Community Trusts,East of England,"Bedfordshire, Luton and Milton Keynes",TBC,https://www.bedfordshirehospitals.nhs.uk/corporate-information/board-meetings-and-directors/board-meetings/,"Pattern A: the landing page is a chronological list (most recent first) of Board of Directors public meetings, with each dated meeting linking to a single combined 'Meeting Book' PDF that bundles agenda plus all papers. Links are visible in static HTML and come in two equivalent forms: a direct WordPress upload at /wp-content/uploads/<yyyy>/<mm>/Meeting-Book-...-compressed.pdf, and a tidier document-landing slug /documents/meeting-book-board-of-directors-public-meeting-<d-month-yyyy>/ that itself resolves straight to the combined PDF. Filenames vary slightly (e.g. 'Meeting of the Board of Directors', 'Board of Directors in Public', '-compressed', '-V2', '-2' suffixes), so scrape the dated link rather than reconstructing the name. Future meetings appear without links until packs are published. No JS rendering needed.",False,/documents/meeting-book-board-of-directors-public-meeting-<d-month-yyyy>/;/wp-content/uploads/<yyyy>/<mm>/Meeting-Book-*.pdf,,2026-06-04,papers_found,Landing page links to single combined Meeting Book PDFs for all 2025 meetings and the Feb and May 2026 meetings; the Feb 2026 document slug resolved directly to a multi-page PDF.,,,,,
RD8,Milton Keynes University Hospital NHS Foundation Trust,Milton Keynes University Hospital;MKUH,Acute and Acute & Community Trusts,East of England,"Bedfordshire, Luton and Milton Keynes",TBC,https://www.mkuh.nhs.uk/about-us/our-structure/board-of-directors/agendas-and-meetings,"Current URL is live and correct. 'Agendas and Meetings' page lists upcoming public board dates and, per meeting, a main 'Meeting in Public' compressed PDF plus an optional 'SUPPLEMENTARY SHELF' PDF, all under /wp-content/uploads/YYYY/MM/. A separate archive page (/about-us/our-structure/board-of-directors/trust-board-papers) holds older packs. Crawl landing page, harvest wp-content .pdf links matching 'Meeting-in-Public'. WebFetch works (no WAF). Original failure was transient.",False,wp-content/uploads/YYYY/MM/;Meeting-in-Public;compressed;0-Meeting-in-Public,SUPPLEMENTARY-SHELF;SUPPLEMENTARY,2026-09-19,papers_found,Re-confirmed 2026-09-19 via WebFetch: latest 'Meeting in Public 03.09.2026' compressed pack under /wp-content/uploads/2026/09/. Local 403 is a local-path block only.,,,,,
RQW,The Princess Alexandra Hospital NHS Trust,Princess Alexandra Hospital,Acute and Acute & Community Trusts,East of England,Hertfordshire and West Essex,TBC,https://www.pah.nhs.uk/about/board/board-papers/,,,,,2026-08-22,papers_found,"Landing validator 2026-08-22: papers_found - 47 dated PDFs, 0 year archives, 0 meeting sub-pages visible on the landing (HTTP 200).",,,,,
RWG,West Hertfordshire Teaching Hospitals NHS Trust,West Hertfordshire Teaching Hospitals;WHTH,Acute and Acute & Community Trusts,East of England,Hertfordshire and West Essex,TBC,https://www.westhertshospitals.nhs.uk/about-us/our-board/board-papers,"Static HTML, renders fine via plain fetch -- no Playwright. The landing shows the current/latest month's combined board pack (currently 'July 2026 Board Papers') plus an acronyms glossary. Older meetings sit under a 'Previous board papers' folder at /about-us/our-board/board-papers/navigate/758/9379, one combined PDF per meeting (bi-monthly) back to 2022. Each pack is a single large combined PDF (20MB+) served from an opaque /download_file/<uuid>/368 URL with no dated filename -- this opacity is why the validator saw weak evidence. Prefer the landing for the newest pack and the navigate/758/9379 folder for the dated archive. Re-verified 2026-09-12 by browser-UA curl (200, 54KB): landing now carries the September 2026 pack; still only two download_file links on the page, which is the expected shape and why the validator keeps scoring it partial.",False,'<Month> <Year> Board Papers' link text on landing;download_file URLs /download_file/<uuid>/368;single combined PDF per meeting (~20MB);'Previous board papers' folder /navigate/758/9379,/about-us/news/ pages;/about-us/foi;legacy /about/board_meetings/*/default.asp;acronyms glossary download,2026-09-19,papers_found,"Re-confirmed 2026-09-19 via WebFetch: landing carries the current 'September 2026 board papers' pack (26.67MB) plus the acronyms glossary, with older meetings under Previous board papers.",,,,,
RWH,East and North Hertfordshire Teaching NHS Trust,East and North Hertfordshire Teaching;East and North Hertfordshire NHS Trust;East and North Hertfordshire;East North Hertfordshire;ENHT,Acute and Acute & Community Trusts,East of England,Hertfordshire and West Essex,TBC,https://www.enherts-tr.nhs.uk/about/board/board-meetings/,"Pattern A/F: the previously stored URL was a stale single-PDF resource page (Sept 2023 papers under /gp-professionals/publications/) with no archive navigation. The correct live landing is the 'Board papers & meetings' page under /about/board/board-meetings/, which lists dated public Trust Board packs with direct PDF links on the page. Each meeting is a single combined pack under /wp-content/uploads/YYYY/MM/, named like 'DDMmmYYYY-Public-Board-papers-x.pdf' or 'Public-Trust-Board-papers-DDMmmYY.pdf' (naming is inconsistent across months); extraordinary meetings appear inline. A crawler should take the dated PDF links straight from the landing.",False,"/wp-content/uploads/YYYY/MM/;Public-Board-papers;Public-Trust-Board-papers;date in filename (e.g. 13May2026, 14Jan2026)",Extraordinary-Public-Board (use only if it is the relevant meeting);/gp-professionals/publications/ single-doc resource pages,2026-06-04,papers_found,"Board-meetings landing lists dated combined public board packs for May 2026, March 2026 and January 2026 as direct PDFs.",,,,,
RWR,Hertfordshire Partnership University NHS Foundation Trust,Hertfordshire Partnership University,"Mental Health & Learning Disability and Mental Health, Learning Disability & Community Trusts",East of England,Hertfordshire and West Essex,TBC,https://www.hpft.nhs.uk/about-us/corporate-information-and-governance/,"Cloudflare blocks WebFetch (403 on every hpft.nhs.uk URL incl. PDFs) so Playwright is required. The often-cited /about-us/board-of-directors-meetings/ and /our-board-papers-and-publications/ paths are 404. The real archive is a JS FAQ accordion titled 'Board papers and publications' on this corporate-information-and-governance page: the panel is initially collapsed (no anchors in static DOM) — click the .faq-panel-question whose text is 'Board papers and publications' to reveal a list of dated 'meeting book' PDF links back to 2021. PDFs are hosted on-domain under /media/{slug}/...meeting-book-public-board-of-directors-*.pdf. UPDATE 2026-09-19: server-side WebFetch reached this page and the /media/ pack links cleanly this week, so try WebFetch FIRST and treat the Cloudflare 403 as intermittent rather than absolute; Playwright remains the fallback.",True,/media/{slug}/meeting-book-public-board-of-directors-{DDMMYY}.pdf;/media/{slug}/meeting-book-board-of-directors-public-*.pdf;public-board-pack-*.pdf,annual-report;auditors-annual-report;cog-meeting-book;council-of-governors;disclosure-log;equality-delivery-system,2026-09-19,papers_found,"Re-confirmed 2026-09-19 via WebFetch, which reached the page this week despite the previously recorded Cloudflare 403: latest 'Meeting Book PUBLIC Board Of Directors 16.7.26' at /media/ccrbvx33/, archive back to 2021.",,,,,
RY4,Hertfordshire Community NHS Trust,Hertfordshire Community;HCT,Community Trusts,East of England,Hertfordshire and West Essex,TBC,https://www.hct.nhs.uk/our-board/,"Strategy: landing lists per-meeting entries (97 dated meeting links this run); each links to its own sub-page of PDFs (agenda, papers, finance). Filter to the main Board (skip ICP/committee/joint). Prefer the largest 'Agenda and Papers' combined PDF. Static fetch works. Pattern C.",False,Agenda and Papers;Combined Pack;Public Board Pack,Observer notes;Q&A;ICP Board;Minutes only;Addendum;Part B;Confidential,2026-05-29,papers_found,"Validator (static) found dated_pdfs=13, year_archives=0, meeting_subpages=97.",,,,,
RBL,Wirral University Teaching Hospital NHS Foundation Trust,Wirral University Teaching Hospital;WUTH;Arrowe Park,Acute and Acute & Community Trusts,North West,Cheshire and Merseyside,Zoe,https://www.wuth.nhs.uk/about-us/who-we-are/board-meetings/,,,,,,,,,,,,
RBN,Mersey and West Lancashire Teaching Hospitals NHS Trust,Mersey and West Lancashire Teaching Hospitals,Acute and Acute & Community Trusts,North West,Cheshire and Merseyside,Zoe,https://www.merseywestlancs.nhs.uk/trust-board-meetings-and-papers,,,,,,,,,,,,
RBQ,Liverpool Heart and Chest Hospital NHS Foundation Trust,Liverpool Heart and Chest Hospital;Liverpool Heart Chest Hospital;LHCH,Acute Specialist Trusts,North West,Cheshire and Merseyside,Zoe,https://www.uhliverpool.nhs.uk/about-us/meet-our-board/trust-board-meetings,"URL PATCHED 2026-07-30: LHCH joined the NHS University Hospitals of Liverpool Group in October 2025 and no longer holds its own board in public - the old lhch.nhs.uk/board-of-directors-meetings page is now a historic archive whose own dated packs stop at 23 September 2025 and which links out to the group board for 2026. The live board is the single UHLG Group Board covering LUHFT, LWH and LHCH (it meets in the LHCH conference room and carries LHCH's integrated performance report), so RBQ now shares this URL with REM and REP - dedupe logic must tolerate three ODS codes on one landing, and pack analysis should be attributed to all three. Strategy: the landing holds a 'Board papers' document-library table of YEAR FOLDERS - 2026 at /navigate/4487/21268, 2025 at /navigate/4487/15006, 2024 at /navigate/4487/9744, plus legacy 'LUHFT archive' (17796) and 'LWH archive' (17800). Inside a year folder, collect /download_file/{id}/423 anchors titled 'UHLG Board of Directors Public Pack - {date}'; those URLs carry no date and no .pdf extension and 303-redirect before serving, so take the date from the anchor text and follow redirects. Future meetings appear as event pages under /about-us/events/details?occurrenceID=... . Contrary to the older REM/REP notes the year folders are NOT JS-rendered - plain curl with a Chrome User-Agent returns fully server-rendered HTML containing every download_file anchor; the only obstacle is a User-Agent WAF that 403s WebFetch and default agents, so Playwright is optional. Bi-monthly: Jan, Mar, May, Jul, Sep, Nov.",False,UHLG Board of Directors Public Pack;Public Meeting Pack;Public Pack;Meeting Pack plus date,Jargon Buster Guide;Questions to the UHLG Board of Directors;Public Consent Pack;Assurance and Risk Committee;superseded V1 where a V2 exists,2026-07-30,papers_found,"Group board landing confirmed HTTP 200 (title 'Group Board meetings :: NHS University Hospitals of Liverpool Group'); 16 Jul 2026, 14 May 2026, 12 Mar 2026 and 15 Jan 2026 UHLG public packs verified as live PDFs, the July pack agenda naming LHCH explicitly.",,,,University Hospitals of Liverpool Group joint board (LUHFT + LWH + LHCH),https://www.uhliverpool.nhs.uk/about-us/meet-our-board/trust-board-meetings
RBS,Alder Hey Children's NHS Foundation Trust,Alder Hey Children's;Alder Hey,Acute and Acute & Community Trusts,North West,Cheshire and Merseyside,Zoe,https://www.alderhey.nhs.uk/publications_type/board-papers/,"Live WordPress publications_type archive, statically readable via WebFetch (no Playwright, no 403). Landing lists the most recent Trust Board pack (currently 2 April 2026) and paginates via /publications_type/board-papers/page/N/ (currently 12 pages, ~one pack per page reverse-chronological). Each entry links directly to a single combined agenda+papers PDF under /wp-content/uploads/YYYY/MM/. Prefer the landing for the newest pack; walk /page/2/ etc. for older meetings. Publication gap noted 2026-08-01: the newest pack is still 2 April 2026 and page 2 of the archive jumps back to 5 June 2025, so this archive is sparse and lags -- do not read a missing month as a fetch failure. Update 2026-08-15: the archive is live and paginates to 12 pages, but ordering is by upload date not meeting date (page 1 = 2 Apr 2026, page 2 = 5 Jun 2025), so do not assume strict reverse-chronology - walk several pages before concluding a pack is missing. As of this run no board pack later than 2 April 2026 has been published despite the trust stating the board meets 11 times a year; /about-us/our-board/publications is a 404 and no alternative archive was found, so the gap appears to be a publication lapse rather than a move. Confirmed 2026-09-05 by browser-UA curl (200, 74KB). IMPORTANT STRUCTURE NOTE: /publications_type/board-papers/ is a PAGINATED WordPress archive - page 1 carries only the newest pack and older ones sit at /publications_type/board-papers/page/2/, /page/3/ and so on. A crawler that reads page 1 only will see a single PDF and wrongly conclude the archive is thin (this is the recurring papers_partial false positive). Follow the pagination links. Newest pack on this run was Trust-board-meeting-2nd-April-2026.pdf; nothing later than 2 April 2026 was published yet. Re-verified 2026-09-12: pagination confirmed working (page 1, /page/2/ and /page/3/ each return one dated pack), but the newest pack is STILL Trust-board-meeting-2nd-April-2026.pdf, unchanged since the 2026-09-05 run - so the thin listing is now a genuine publication gap on top of the pagination quirk, not just a crawler artefact. The legacy Concrete5 listing at /about-us/our-board/publications now 404s and /about/trust/board/meeting/ carries no PDFs, so there is no alternate location holding the missing June/August packs.",False,heading 'Trust Board Meeting - <day month year>';filenames contain 'Trust-Board'/'Agenda-Documentation-Trust-Board' often 'Website-Version';PDFs at /wp-content/uploads/YYYY/MM/;large single combined PDFs (18-26MB),/about/trust/board/meeting/ (informational only);/about/trust/board/ overview;legacy Concrete5 publications listing;FOI disclosure-log PDFs,2026-09-19,papers_found,"Re-confirmed 2026-09-19 via WebFetch: paginated publications_type archive, page 1 currently showing the 23 June 2026 Extraordinary Trust Board pack. The single-pack-per-page layout is what trips the papers_partial heuristic.",,,,,
RBT,Mid Cheshire Hospitals NHS Foundation Trust,Mid Cheshire Hospitals;MCHFT,Acute and Acute & Community Trusts,North West,Cheshire and Merseyside,Zoe,https://www.mcht.nhs.uk/about-us/board-directors/board-papers-and-minutes,"Static-fetchable landing showing a folder hierarchy, not direct PDFs: the 'Board Papers and Minutes' page lists year-folder links ('2026-27', '2025-26', '2024-25', 'Archive') each pointing to a sub-page via /navigate/{lib}/{id} (2025-26 = /navigate/9698/2001). Follow the relevant year folder to reach the dated full board bundles, which are direct PDF links titled 'Board of Directors Bundle Part I (Public) - {date}'. Pattern B. Positive signal: 'Bundle Part I (Public)' = full public board pack. Papers are posted four working days before each meeting. Exclude the separate Minutes folder/'Summary of Agenda Items' documents and any Part II (confidential) items.",False,Board of Directors Bundle Part I (Public) - {date};/navigate/9698/{id};20{25|26}-2{6|7} Board Papers and Minutes,Minutes;Summary of Agenda Items;Part II;confidential,2026-06-13,papers_found,"On the 2025-26 sub-page, confirmed e.g. 'Board of Directors Bundle Part I (Public) - 29 January 2026' and '27 November 2025'.",,,,,
REM,Liverpool University Hospitals NHS Foundation Trust,Liverpool University Hospitals;LUHFT,Acute and Acute & Community Trusts,North West,Cheshire and Merseyside,Zoe,https://www.uhliverpool.nhs.uk/about-us/meet-our-board/trust-board-meetings,"Static WebFetch is blocked (HTTP 403 / WAF) AND the papers sit in a JS-rendered document-library widget, so use Playwright (navigate, wait for networkidle). The 'Group Board meetings' page (NHS University Hospitals of Liverpool Group) exposes year tabs (2024, 2025, 2026) that load content via AJAX at /trust-board-meetings/navigate/4487/{id} (2026 = /navigate/4487/21268). Navigate to the year tab URL, then collect /download_file/{id}/423 anchors titled 'UHLG Board of Directors Public Pack - {date}' (and the companion 'Public Information Pack'). Pattern D + year-tab. Exclude the 'Jargon Buster Guide', the Assurance and Risk Committee meetings, and legacy LUHFT/LWH archive tabs. Re-verified 2026-09-05: server-side WebFetch was refused 403 but browser-UA curl reached the page (200, 85KB) and the /navigate/4487/{id} year tabs plus /download_file/view/{id}/423 pack links were present in the STATIC HTML, with dates into Sept and Nov 2026. So a browser-UA static fetch is now sufficient for the landing and the current year - keep Playwright as the fallback for enumerating older year tabs rather than the first resort.",True,UHLG Board of Directors Public Pack - {date};UHLG Board of Directors Public Information Pack - {date};/navigate/4487/{id};/download_file/{id}/423,Jargon Buster Guide;Assurance and Risk Committee;archive,2026-09-05,papers_found,"2026-09-05: browser-UA curl returned HTTP 200 (85KB) with the year-tab document library intact - /navigate/4487/{id} tabs and /download_file/view/{id}/423 pack links, dates to September and November 2026.",,,,,
REN,The Clatterbridge Cancer Centre NHS Foundation Trust,Clatterbridge Cancer Centre;CCC,Acute Specialist Trusts,North West,Cheshire and Merseyside,Zoe,https://www.clatterbridgecc.nhs.uk/about-us/how-were-run/trust-board/board-meetings,"Strategy: rewritten 2026-08-01 after re-inspecting the raw HTML -- the earlier 'year archives' description was wrong. The landing /about-us/how-were-run/trust-board/board-meetings ('Trust Board meetings and papers') carries the packs inline: several dozen direct links of the form /download_file/view/<uuid>/1221 listed against their meeting dates, no year sub-pages and no per-meeting pages to follow. Because that handler has no .pdf suffix, extension-based link filters see zero PDFs -- this is exactly why the validator scores the page papers_partial. Static fetch works, but only with a browser User-Agent: browser-UA curl returns HTTP 200 and the full 92KB page while server-side WebFetch was refused 403 on 2026-08-01, so try requests/curl with a normal UA first and treat a 403 as a route problem rather than a dead URL. Collection id 1221 identifies the board-papers document set; prefer the largest combined agenda-and-papers file per date.",False,Board Papers;Public Board Pack,Observer notes;Q&A;ICP Board;Minutes only;Addendum;Part B;Confidential,2026-08-01,papers_found,Re-verified 2026-08-01: browser-UA curl returns HTTP 200 and the landing carries dozens of inline /download_file/view/<uuid>/1221 pack links (server-side WebFetch got 403). papers_partial is a false negative from the extension-less download handler.,,,,,
REP,Liverpool Women's NHS Foundation Trust,Liverpool Women's,Acute Specialist Trusts,North West,Cheshire and Merseyside,Zoe,https://www.uhliverpool.nhs.uk/about-us/meet-our-board/trust-board-meetings,"Pattern B/D/E/F: Liverpool Women's NHS Foundation Trust has merged into NHS University Hospitals of Liverpool Group and its entire liverpoolwomens.nhs.uk site now 301-redirects to a UHL Group hospital landing page with no papers, so the old URL is dead. The single Group Board now covers Liverpool Women's; its board-papers home is the Group Board meetings page on uhliverpool.nhs.uk. A crawler reaches dated packs via the 'Board papers' table of year folders: 2024, 2025 and a 2026 folder (https://www.uhliverpool.nhs.uk/about-us/meet-our-board/trust-board-meetings/navigate/4487/21268#document-library-4487), plus dedicated legacy folders 'Liverpool Women's University Hospital NHS Foundation Trust archive' (navigate/4487/17800) and 'Liverpool University Hospitals NHS Foundation Trust archive'. Recordings list confirms Group Board meetings through March 2026; future meetings (16 Jul 2026 etc.) are event pages. Quirk: site returns HTTP 403 to plain fetchers (anti-bot) so Playwright is required; year folders are JS document-library widgets, and a 'View past events' archive link gives prior meetings.",True,uhliverpool.nhs.uk/.../trust-board-meetings/navigate/4487/<id>#document-library-4487;year folders 2024/2025/2026;download_file/view/<id>/<id>;Group Board of Directors meeting <Month> <Year>,Council of Governors;Assurance and Risk Committee;Register of Interests;Self-Certification;Charity;about-us/events/details,2026-06-04,needs_playwright,"Group Board meetings page (Playwright-confirmed) shows a Board papers table with 2024/2025/2026 year folders and a Liverpool Women's archive folder, plus 2025-2026 meeting recordings.",,,,University Hospitals of Liverpool Group joint board (LUHFT + LWH + LHCH),https://www.uhliverpool.nhs.uk/about-us/meet-our-board/trust-board-meetings
RET,The Walton Centre NHS Foundation Trust,Walton Centre,Acute Specialist Trusts,North West,Cheshire and Merseyside,Zoe,https://www.thewaltoncentre.nhs.uk/trust-board/,,,,,2026-08-22,papers_found,"Landing validator 2026-08-22: papers_found - 66 dated PDFs, 1 year archives, 0 meeting sub-pages visible on the landing (HTTP 200).",,,,,
RJN,East Cheshire NHS Trust,East Cheshire;Macclesfield Hospital,Acute and Acute & Community Trusts,North West,Cheshire and Merseyside,Zoe,https://trust.eastcheshire.nhs.uk/board/reports-and-meetings/meetings,"Single page titled 'Meetings :: East Cheshire NHS Trust' listing Trust Board meetings by year (2019-2026), each row offering an 'Agenda and papers' link. Crawl this one page and collect the hrefs; PDFs live on the main domain www.eastcheshire.nhs.uk in two formats - /application/files/<ids>/<Name>_Numbered.pdf (preferred, named with month+year) and legacy /download_file/view/<id>/<id>. Each is a combined agenda+supporting-papers bundle for one public Trust Board meeting. Match newest by the year headings and the month name embedded in the application/files filename.",False,https://www.eastcheshire.nhs.uk/application/files/<id>/*Trust_Board*Agenda*Papers*Numbered.pdf;link text 'Agenda and papers';filename contains month + year e.g. 'November_2025',mailto:;committee/sub-board meetings if any (filter to Trust Board),2026-08-22,papers_found,"Landing validator 2026-08-22: papers_found - 2 dated PDFs, 0 year archives, 0 meeting sub-pages visible on the landing (HTTP 200).",,,,,
RJR,Countess of Chester Hospital NHS Foundation Trust,Countess of Chester Hospital;Countess of Chester;COCH,Acute and Acute & Community Trusts,North West,Cheshire and Merseyside,Zoe,https://www.coch.nhs.uk/corporate-information/board-of-directors/board-of-directors-meeting-packs.aspx,"Strategy: meeting packs page (/corporate-information/board-of-directors/board-of-directors-meeting-packs.aspx) lists ~54 dated PDFs under /media/, titled 'Agenda and Papers - <Month Year>', plus per-item Integrated Performance Reports. Older packs under .../meeting-packs/archive.aspx. Pattern A + F: old /about-us/board-papers/ was an error page; corrected 2026-05-29.",False,Agenda and Papers;Public Board of Directors,Council of Governors;Minutes only;Confidential,2026-09-05,papers_found,"2026-09-05: WebFetch reached the page; 18 dated meetings, newest /media/234524/PAPERS-Board-of-Directors-21st-July-2026-min.pdf.",,,,,
RTX,University Hospitals of Morecambe Bay NHS Foundation Trust,University Hospitals of Morecambe Bay,Acute and Acute & Community Trusts,North West,Lancashire and South Cumbria,Zoe,https://www.uhmb.nhs.uk/our-trust/trust-board-and-council-governor-meetings,"Strategy: landing lists per-meeting entries (42 dated meeting links this run); each links to its own sub-page of PDFs (agenda, papers, finance). Filter to the main Board (skip ICP/committee/joint). Prefer the largest 'Agenda and Papers' combined PDF. Static fetch works. Pattern C.",False,Agenda and Papers;Combined Pack;Public Board Pack,Observer notes;Q&A;ICP Board;Minutes only;Addendum;Part B;Confidential,2026-05-29,papers_found,"Validator (static) found dated_pdfs=17, year_archives=1, meeting_subpages=42.",,,,,
RW4,Mersey Care NHS Foundation Trust,Mersey Care,"Mental Health & Learning Disability and Mental Health, Learning Disability & Community Trusts",North West,Cheshire and Merseyside,Zoe,https://www.merseycare.nhs.uk/board-papers,,,,,,,,,,,,
RW5,Lancashire and South Cumbria NHS Foundation Trust,Lancashire and South Cumbria;Lancashire South Cumbria Foundation Trust;LSCFT,"Mental Health & Learning Disability and Mental Health, Learning Disability & Community Trusts",North West,Lancashire and South Cumbria,Zoe,https://www.lscft.nhs.uk/about-us/board/board-papers,"Static HTML archive titled 'Board papers' under the Board of Directors section; rendered fully via plain WebFetch, no Playwright. Packs listed newest-first with dated labels (e.g. 'Board of Directors Meeting Papers - 02.07.2026'), each linking a single combined meeting-pack PDF via numeric /download_file/<id>/1439. Prefer fetching the listing then following the numeric download_file links; skip register-of-interests, council-of-governors and publication-scheme pages. Confirmed 2026-09-05 by browser-UA curl (200, 102KB): packs are /download_file/{id}/1439 handler links, newest 'Board of Directors Public Meeting Papers - 02.04.2026.pdf'. Nothing later than April 2026 was on the page this run - worth re-checking rather than assuming a fetch fault. Re-verified 2026-09-12 by browser-UA curl (200, 102KB): 37 /download_file/<id>/1439 links with dated labels through 03.09.2026, so the April-2026 ceiling flagged last run has cleared and publication is current.",False,"Label 'Board of Directors ... Meeting Papers/Pack - DD.MM.YYYY';PDF hrefs /download_file/<id>/1439;monthly public board cadence, first Thursday;packs are large single PDFs (4-20MB)",/board-directors-register-interests;/Council-Governors;/publications-reports-policies/;/corporate-registers,2026-09-19,papers_found,"Re-confirmed 2026-09-19 via WebFetch: dated Board of Directors public meeting packs listed via numeric /download_file/<id>/1439 links, archive spanning 2020-2026.",,,,,
RWW,North Cheshire and Mersey NHS Foundation Trust,North Cheshire and Mersey;NCM;Warrington and Halton Teaching Hospitals NHS Foundation Trust;Warrington and Halton Teaching Hospitals;WHH;Bridgewater Community Healthcare NHS Foundation Trust;Bridgewater Community Healthcare;Bridgewater,Acute and Acute & Community Trusts,North West,Cheshire and Merseyside,Zoe,https://northcheshireandmersey.nhs.uk/about-us/how-we-work/board-meetings-and-papers/,"MERGER: Warrington and Halton Teaching Hospitals NHS FT (RWW) and Bridgewater Community Healthcare NHS FT (RY2) combined on 1 April 2026 to form North Cheshire and Mersey NHS Foundation Trust, which holds one board. The RY2 row was retired on 2026-08-22 and folded into this one. Both legacy domains 301-redirect to the successor: whh.nhs.uk/about-us/how-we-work/board-meetings-and-papers/ and bridgewater.nhs.uk/about-us/how-we-work/board-meetings-and-papers/ both land on northcheshireandmersey.nhs.uk/about-us/how-we-work/board-meetings-and-papers/. That single page is a static, server-rendered archive listing every pack back to 2021 as direct PDF links under /media/{guid}/; no Playwright needed. Post-merger packs are named trust-board-agenda-and-papers-<d-month-yyyy>.pdf or z-prefixed variants (ztrust-board-part-1-papers-<ddmmyy>.pdf, zncm-publictrust-board-agenda-<ddmmyyyy>.pdf); pre-merger WHH packs are public-board-papers-<month-year>.pdf.",False,/media/{guid}/trust-board-agenda-and-papers-<d-month-yyyy>.pdf;/media/{guid}/ztrust-board-part-1-papers-<ddmmyy>.pdf;/media/{guid}/public-board-papers-<month-year>.pdf (pre-merger WHH),"supplementary-public-board-papers (addendum, not the main pack);council-of-governors-meetings;extraordinary trust board;Part 2 / confidential papers",2026-08-22,papers_found,"Verified 2026-08-22: whh.nhs.uk and bridgewater.nhs.uk both 301 to the North Cheshire and Mersey board page; 40+ dated packs listed, latest trust-board-agenda-and-papers-5-august-2026.pdf.",RY2,2026-04-01,,,
RXA,Cheshire and Wirral Partnership NHS Foundation Trust,Cheshire and Wirral Partnership;Cheshire Wirral Partnership;CWP,"Mental Health & Learning Disability and Mental Health, Learning Disability & Community Trusts",North West,Cheshire and Merseyside,Zoe,https://www.cwp.nhs.uk/board,"Cloudflare blocks WebFetch (403) so Playwright is needed. The original /board URL is correct — it is the 'Board summaries' index listing each meeting (e.g. 27 May 2026, 25 Mar 2026, 28 Jan 2026) as links to per-meeting HTML summary pages (some via short slugs like /mar26, /boardnov25). The /board landing page itself has NO PDFs; you must open each board-summary page, which contains a single 'Board agenda pack' link to the full PDF hosted on-domain at /application/files/{path}/PUBLIC_BoD_Agenda_Pack_Final_{DD_MM_YYYY}.pdf. Crawl /board, follow each summary link, scrape the agenda-pack PDF. Re-verified 2026-09-05: Cloudflare refused the first attempt but a browser-UA request with --retry got 200 (97KB), listing board-summary pages including board-summary-wednesday-29-july-2026 and board-summary-may-27-2026 (some via short slugs such as /mar26). Retry with a browser UA before reaching for Playwright.",True,/application/files/{ids}/PUBLIC_BoD_Agenda_Pack_Final_{DD_MM_YYYY}.pdf;PUBLIC_BoD_Agenda_Pack;board-summary-{month}-{day}-{year},/our-governors;easyread;/events;publication-scheme,2026-09-19,papers_found,Re-confirmed 2026-09-19 by search-index evidence: the /board summaries index and its short per-meeting slugs are live (e.g. /mar26 for 25 March 2026). Cloudflare still 403s both local fetch and WebFetch.,,,,,
RXL,Blackpool Teaching Hospitals NHS Foundation Trust,Blackpool Teaching Hospitals;BTH;BFWH,Acute and Acute & Community Trusts,North West,Lancashire and South Cumbria,Zoe,https://www.blackpoolteachinghospitals.nhs.uk/about-us/meet-board/board-meetings-public,"URL is valid; the empty body is Imperva/Incapsula bot mitigation, not JS rendering — an hCaptcha 'Additional security check is required' interstitial is served to traffic scored as automated. Behind the wall the page states papers are posted at least three working days before each meeting; dated agendas/reports live on sub-pages .../board-meetings-public/previous-meetings-year (archive by year) and .../board-meetings-public/upcoming-meetings (calendar). Packs are served through the CMS download handler (/download_file/<id>/<id>, no .pdf suffix) so extension-based link filters will miss them. The trust also has a legacy/parallel domain bfwh.nhs.uk with its own board-meetings page — the ODS-mapped canonical is the blackpoolteachinghospitals.nhs.uk path. CAUTION: '31 March 2027' appears only in the heading 'Board meeting schedule to 31 March 2027' — it is not a meeting date. ACCESS ROUTE (checked 2026-07-31): the Imperva block is specific to the LOCAL fetch path — plain `requests` and local headless Playwright both get the 212-byte _Incapsula_Resource hCaptcha shell. Server-side WebFetch is NOT blocked and reaches this page normally, and pack PDFs on this domain download fine through it. So DO NOT read needs_playwright:true here as 'skip the cheap fetchers' — do the opposite: try WebFetch FIRST, and only escalate if it fails. Treat this record as 'local crawler blocked, server-side fetch works', not 'unreachable'. If you are running from a machine whose IP Imperva scores badly, a captcha-solving/residential session or an allowlisted IP is the fallback. Route check 2026-08-15: server-side WebFetch returned an empty body (the Incapsula shell) this run, so the WebFetch route is intermittent, NOT dead - it has previously reached this domain. Try WebFetch first and only escalate if it fails again. Landing URL unchanged (shallow check HTTP 200). Re-probe 2026-08-22: local requests and local headless Playwright both still get the Incapsula shell, and server-side WebFetch returned an empty body this run too, so the mitigation may have widened. Still try WebFetch first - it has reached this domain before; treat a WebFetch miss as a routing problem, not as the trust having stopped publishing. Route re-probe 2026-09-12: still blocked on every route tried from here - local browser-UA requests returned only the ~845-byte Incapsula/hCaptcha challenge shell and server-side WebFetch returned an empty body again. Two things confirm this is routing and not the trust withdrawing its papers: the shallow check still gets HTTP 200 on this exact URL with NO redirect, and WebFetch has previously pulled this domain's pages and packs fine. So keep the order - try WebFetch first, then a plain browser-UA static fetch, and only then escalate to a captcha-solving or residential session / allowlisted IP. Do not rewrite this record as 'unreachable'. Route check 2026-09-26: server-side WebFetch returned an empty body again from this session, and the local static path stayed behind the Incapsula shell, so the cheap routes are INTERMITTENT rather than closed - still try WebFetch FIRST (it has reached this domain before and costs nothing) and only then escalate. This is a block on the fetch path from this machine, not evidence the trust has stopped publishing.",True,.../board-meetings-public/previous-meetings-year (agendas & reports by year);.../board-meetings-public/upcoming-meetings (calendar);/download_file/<id>/<id> CMS handler links (no .pdf extension),bfwh.nhs.uk parallel/legacy pages;Imperva/hCaptcha challenge shell,2026-09-26,needs_playwright,"2026-09-26: URL still resolves with no redirect, but both routes tried from this session were refused - server-side WebFetch returned an empty body and the local browser-UA path stayed on the Incapsula/hCaptcha shell. Treat as a routing block, not a withdrawal of papers; the previously-recorded working routes stand and should be tried first.",,,,,
RXN,Lancashire Teaching Hospitals NHS Foundation Trust,Lancashire Teaching Hospitals;LTH,Acute and Acute & Community Trusts,North West,Lancashire and South Cumbria,Zoe,https://www.lancsteachinghospitals.nhs.uk/board-of-directors,,,,,,,,,,,,
RXR,East Lancashire Hospitals NHS Trust,East Lancashire Hospitals;ELHT,Acute and Acute & Community Trusts,North West,Lancashire and South Cumbria,Zoe,https://elht.nhs.uk/about-us/our-trust-board/board-meetings-including-agenda-and-papers,"URL is valid; the near-empty body is Imperva/Incapsula bot mitigation rather than JS-rendered content — an hCaptcha 'Additional security check is required' interstitial is served to traffic scored as automated. Once past the wall the page lists scheduled board meetings (Boardroom, Birch House, Royal Blackburn) with agenda/papers as combined PDFs; two delivery paths are in use — the /application/files/ path (filename pattern 'Trust_Board_Agenda_and_Papers_-_<Month>_<Year>.pdf') and the CMS download handler (/download_file/<id>/<id>, no .pdf suffix), so extension-based link filters will miss the latter. Accessible versions via TrustBoardQuestions@elht.nhs.uk. ACCESS ROUTE (checked 2026-07-31): the Imperva block is specific to the LOCAL fetch path — plain `requests` and local headless Playwright both get the 212-byte _Incapsula_Resource hCaptcha shell. Server-side WebFetch is NOT blocked and reaches this page normally, and pack PDFs on this domain download fine through it. So DO NOT read needs_playwright:true here as 'skip the cheap fetchers' — do the opposite: try WebFetch FIRST, and only escalate if it fails. Treat this record as 'local crawler blocked, server-side fetch works', not 'unreachable'. If you are running from a machine whose IP Imperva scores badly, a captcha-solving/residential session or an allowlisted IP is the fallback. Route check 2026-08-15: server-side WebFetch returned an empty body (the Incapsula shell) this run, so the WebFetch route is intermittent, NOT dead - it has previously reached this domain. Try WebFetch first and only escalate if it fails again. Landing URL unchanged (shallow check HTTP 200). Re-probe 2026-08-22: local requests and local headless Playwright both still get the Incapsula shell, and server-side WebFetch returned an empty body this run too, so the mitigation may have widened. Still try WebFetch first - it has reached this domain before; the /application/files/ pack paths above remain the fastest way in once past the wall. Route re-probe 2026-09-12: still blocked on every route tried from here - local browser-UA requests returned only the ~841-byte Incapsula/hCaptcha challenge shell and server-side WebFetch returned an empty body again. Two things confirm this is routing and not the trust withdrawing its papers: the shallow check still gets HTTP 200 on this exact URL with NO redirect, and WebFetch has previously pulled this domain's pages and packs fine. So keep the order - try WebFetch first, then a plain browser-UA static fetch, and only then escalate to a captcha-solving or residential session / allowlisted IP. Do not rewrite this record as 'unreachable'. Route check 2026-09-26: server-side WebFetch returned an empty body again from this session, and the local static path stayed behind the Incapsula shell, so the cheap routes are INTERMITTENT rather than closed - still try WebFetch FIRST (it has reached this domain before and costs nothing) and only then escalate. This is a block on the fetch path from this machine, not evidence the trust has stopped publishing.",True,/application/files/**/Trust_Board_Agenda_and_Papers_-_<Month>_<Year>.pdf;meeting dates 12 Nov 2025 / 14 Jan 2026 / 11 Mar 2026;/download_file/<id>/<id> CMS handler links (no .pdf extension),yumpu.com mirrored copies;TrustBoardQuestions@ contact link;Imperva/hCaptcha challenge shell,2026-09-26,needs_playwright,"2026-09-26: URL still resolves with no redirect, but both routes tried from this session were refused - server-side WebFetch returned an empty body and the local browser-UA path stayed on the Incapsula/hCaptcha shell. Treat as a routing block, not a withdrawal of papers; the previously-recorded working routes stand and should be tried first.",,,,,
RY7,Wirral Community Health and Care NHS Foundation Trust,Wirral Community Health and Care,Community Trusts,North West,Cheshire and Merseyside,Zoe,https://www.wchc.nhs.uk/about/board-governors/board-meetings-papers/,"Static-fetchable landing presenting dated board meetings as individual hyperlinks that each lead to a per-meeting sub-page (publication page) holding that meeting's PDFs, rather than direct PDFs on the landing. Meeting titles follow 'Public Board of Directors Meeting - {Weekday DD Month Year}' (the June 2026 group meeting is titled 'Group Board of Directors in Public'). Crawl the landing, follow each dated meeting link to its /about/publications/{slug}/ sub-page, then harvest the board-pack PDFs there. Pattern C. The landing is paginated (~15 pages) with month/year filter dropdowns, so for 2025/2026 take the first page(s) or filter by year. Exclude private/confidential items found on the sub-pages.",False,Public Board of Directors Meeting - {Weekday DD Month Year};Group Board of Directors in Public - {date};/about/publications/{slug}/,confidential;private session;minutes-only;pagination beyond target year,2026-06-13,papers_found,"Confirmed dated meeting links e.g. 'Public Board of Directors Meeting - Wednesday 28 January 2026' and 'Wednesday 1 October 2025', each resolving to its own publications sub-page of PDFs.",,,,,
RX6,North East Ambulance Service NHS Foundation Trust,North East Ambulance Service;NEAS,Ambulance Trusts,North East and Yorkshire,-,Matt M,https://www.neas.nhs.uk/about-us/trust-board/board-meetings/archive-board-papers,"Pattern C: original /about-us/trust-board landing is a board-overview page with no papers; one click to /board-meetings (latest meeting), and the comprehensive archive lives at /about-us/trust-board/board-meetings/archive-board-papers, which lists per-meeting sub-pages by month+year (March/May/June/September/November 2025, January/March/May 2026). Each month sub-page (e.g. /archive-board-papers/march-2026-board-papers) holds that meeting's agenda and individual paper PDFs. Crawl: archive-board-papers index -> per-month board-papers sub-page -> the PDFs. Note inconsistent case in slugs (January-2026 vs march-2026). NEAS is the Trust's own Board; no ICP/Joint board to filter.",False,/archive-board-papers/;board-papers;download_file/view/,agm-papers;trust-board (bio overview),2026-06-04,papers_found,Archive page lists dated board-paper sub-pages through to March/May 2026.,,,,,
RX7,North West Ambulance Service NHS Trust,North West Ambulance Service;NWAS,Ambulance Trusts,North West,-,Nick,https://www.nwas.nhs.uk/about/directors/board-meetings/,"Pattern F + C: old /publications/board-papers-26-april-2023/ URL is now 404; the site reorganised board content under /about/directors/board-meetings/. That landing lists each meeting by date (30 Apr 2025 through 29 Apr 2026) as a clickable link. Newer meetings link straight to a single combined PDF in /wp-content/uploads/YYYY/MM/ (e.g. BoD-Meeting-Pack-29.04.2026.pdf, BoD-Part-1-Agenda-Pack-25.03.26.pdf), while slightly older ones link to a /publications/board-of-directors-papers-DD-month-YYYY/ sub-page that then holds the PDFs. So crawl: board-meetings landing -> either direct wp-content PDF or per-meeting publications sub-page. Prefer the largest combined 'Meeting Pack / Agenda Pack' (Part 1 = public).",False,/wp-content/uploads/;BoD-Meeting-Pack;BoD-Part-1-Agenda-Pack;/publications/board-of-directors-papers-,Part-2;private;board-papers-26-april-2023 (dead),2026-06-04,papers_found,New board-meetings page lists dated meetings with direct PDF packs up to 29 April 2026.,,,,,
RX8,Yorkshire Ambulance Service NHS Trust,Yorkshire Ambulance Service;YAS,Ambulance Trusts,North East and Yorkshire,-,Henry,https://www.yas.nhs.uk/publications/trust-board-meetings/,"Pattern C (per-meeting sub-pages). The old landing /about-us/the-trust-board/ only lists meeting dates and links onward to /publications/trust-board-meetings/, which is the real archive. That archive lists each public Board meeting by date with year-archive groupings (e.g. board-meeting-papers-2025-26/ and board-meeting-papers-2026-27/) and links to a per-meeting sub-page such as .../board-meeting-26-march-2026/. Each per-meeting sub-page hosts the full set of individual agenda-item PDFs under /media/<id>/<name>.pdf (agenda, minutes, CEO report, IPR, committee assurance reports, etc.). A crawler should follow year-archive -> per-meeting sub-page -> /media/ PDFs; papers are split per item rather than one combined pack.",False,/publications/trust-board-meetings/board-meeting-papers-2025-26/;/publications/trust-board-meetings/board-meeting-papers-2026-27/;/board-meeting-<dd>-<month>-<yyyy>/;/media/<id>/<name>.pdf,/committees/;/council-of-governors/;/agm,2026-06-04,papers_found,Per-meeting sub-pages (e.g. 26 March 2026) host the full set of dated agenda-item PDFs under /media/.,,,,,
RX9,East Midlands Ambulance Service NHS Trust,East Midlands Ambulance Service;EMAS,Ambulance Trusts,Midlands,-,Annabelle,https://www.emas.nhs.uk/about-us/trust-board/next-board-meeting/archive-board-papers,,,,,,,,,,,,
RYA,West Midlands Ambulance Service University NHS Foundation Trust,West Midlands Ambulance Service University;WMAS,Ambulance Trusts,Midlands,-,Caitlin,https://www.wmas.nhs.uk/about-us/board-papers/,"Pattern C: the landing page lists per-meeting publication sub-pages under /publications/, with SEPARATE Agenda and Minutes entries per dated meeting (e.g. 'WMAS Board Meeting Agenda - Wednesday 25th March 2026' and a matching Minutes page). All listings are in static HTML, no JS needed. Quirk: the agenda sub-page renders the agenda as HTML text listing numbered 'Paper 01..nn' items but does NOT publish downloadable PDFs of those papers - it instructs readers to email to request the full board papers. So a crawler can capture the agenda/minutes text but full board-pack PDFs are generally not available for download; prefer the Agenda sub-page for each dated meeting and skip Minutes-only pages when packs are wanted.",False,/publications/wmas-board-meeting-agenda-<weekday>-<dd>th-<month>-<year>/;/publications/wmas-board-meeting-minutes-<weekday>-<dd>th-<month>-<year>/,wmas-board-meeting-minutes-,2026-06-04,papers_partial,"Dated 2025 and 2026 agenda and minutes sub-pages are listed and reachable, but agenda pages show paper titles only and direct readers to email for the actual board-pack PDFs.",,,,,
RYC,East of England Ambulance Service NHS Trust,East of England Ambulance Service;EEAST,Ambulance Trusts,East of England,-,James,https://www.eastamb.nhs.uk/about-us/trust-board/in-public-board-minutes-archive,"The old URL (.../public-board-meetings-and-papers) is only a 'next meeting' stub that says papers are 'available on request' by email, with no dated documents. The real index is the In Public Board minutes archive, which lists each meeting (2025: Feb, May, Jul, Sep, Nov; 2026: Feb, Apr, Jun) as a per-meeting page like /about-us/trust-board/public-board-reports-<month>-<year>. CRITICAL MODEL DIFFERENCE: EEAST does NOT publish PDF packs, each per-meeting page lists every individual report (CEO report, IPR, BAF, committee assurance...) as its own HTML web page (e.g. /public-board-report-CEO-report-february-2026). So there is nothing to download; a crawler must scrape HTML at three levels: archive -> per-meeting page -> per-report page. Use the latest /public-board-reports-<month>-<year> page as the per-meeting entry point and treat its child report pages as the 'papers'. Needs render to enumerate child links reliably.",True,www.eastamb.nhs.uk/about-us/trust-board/public-board-reports-<month>-<year>;www.eastamb.nhs.uk/about-us/trust-board/public-board-report-CEO-report-<month>-<year>;www.eastamb.nhs.uk/about-us/trust-board/integrated-performance-report-<Month>-<year>,/executive-directors;/non-exec-directors;/declarations-of-interest;annual-general-meeting;agm-minutes;/patient-story,2026-06-06,papers_found,Dated 2025-2026 board reports are published as individual HTML report pages (no PDFs) reachable via the minutes-archive index.,,,,,
RYD,South East Coast Ambulance Service NHS Foundation Trust,South East Coast Ambulance Service;SECAmb,Ambulance Trusts,South East,-,Alison,https://www.secamb.nhs.uk/what-we-do/about-us/trust-board-meeting-dates-and-papers/,"Pattern A/F (wrong-url fixed; dated combined-pack PDFs near the landing). The old stored URL /about-us/board-papers/ redirected to a single stale 2018 document; the live archive is /what-we-do/about-us/trust-board-meeting-dates-and-papers/. That page lists each public Board meeting by date and links directly to combined pack PDFs hosted under /wp-content/uploads/<yyyy>/<mm>/, typically a 'Board-Papers-<date>' (full pack) plus a separate 'Board-Agenda-<date>'. A crawler should grab the largest 'Board-Papers' / 'Trust-Board ... Part-1-Public' PDF per meeting. The archive paginates (~138 publications across ~14 pages). Skip Council of Governors and committee pages.",False,/wp-content/uploads/<yyyy>/<mm>/Board-Papers-<date>.pdf;/wp-content/uploads/<yyyy>/<mm>/Trust-Board-<month>-<year>-Part-1-Public.pdf;Board-Public-Papers,/council-of-governors/;/committees-of-the-board/;board-meeting-recordings;/board-stories/;Agenda,2026-06-04,papers_found,Live archive links directly to dated combined board pack PDFs in /wp-content/uploads/ for Feb 2025 through Apr 2026.,,,,,
RYE,South Central Ambulance Service NHS Foundation Trust,South Central Ambulance Service;SCAS,Ambulance Trusts,South East,-,Mimi,https://www.scas.nhs.uk/about-scas/our-board/,"The DB URL is correct - the full board-paper archive lives inline on /about-scas/our-board/ (and on the byte-identical alias /about-scas/our-board/board-meetings/), not on a separate papers page; /about-scas/our-board/board-papers/ is a 404. The paper tables are Document Library Pro widgets running serverSide:true, so rows are fetched by AJAX and have NEVER existed in the HTML source - a static fetch legitimately sees empty tables plus a 'papers will be published shortly before each meeting' note. That note is long-standing boilerplate, NOT a sign the trust has stopped publishing (verified 2026-07-30 against Wayback snapshots from June 2025, February 2026 and June 2026, none of which carried PDF links either). You do NOT need a browser: scrape the table ids matching id=""dlp_<hash>_<n>"" from the page HTML, then POST to /wp-admin/admin-ajax.php with action=dlp_load_posts&table_id=<id>&draw=1&start=0&length=100 - no nonce, cookie or referer required - and regex href=""([^""]+)"" out of the returned DataTables JSON 'link' field. Current map: _1 = current financial year (empty between meetings, by design), _2 = the 25-document archive spanning January 2023 to 3 June 2026, _3 = constitution and committee terms of reference. Do NOT hardcode the table id hashes - they change whenever an editor edits the block. The WordPress REST media API is closed (401). No WAF. Bi-monthly public board; packs move from _1 into _2 after each meeting. Re-verified 2026-09-05: the admin-ajax recipe above still works exactly as described (POST action=dlp_load_posts, no nonce or cookie) and returned the archive to 'Board papers - 3 June 2026'. As predicted, the table id hashes HAD changed since the last run - this run they were dlp_2d9d010977ed5dba_1 (current year, empty between meetings), dlp_c5c27bbaddfd4cd9_2 (the archive) and dlp_ae972c33f72aee98_3 (constitution/ToR). Scrape the ids from the page each time; never hardcode them. Re-verified 2026-09-12: the POST action=dlp_load_posts admin-ajax recipe still works with no nonce or cookie. This run the ids were dlp_2d9d010977ed5dba_1 (empty), dlp_c5c27bbaddfd4cd9_1 (the archive, 22 dated entries, newest 'Board papers - 3 September 2026') and dlp_ae972c33f72aee98_2. Note the NUMERIC SUFFIX moves too - the archive table was _2 last run and _1 this run - so identify the table by which id returns dated board-paper rows, never by hash and never by suffix position.",True,SCAS Public Board Papers plus date;Trust BoD in Public meeting papers;public Board papers,Supporting papers annex;constitution and committee terms of reference (table _3);superseded duplicate uploads of the same meeting,2026-09-19,needs_playwright,"Re-confirmed 2026-09-19 via WebFetch: landing loads and lists the next meeting (5 November 2026), but the Document Library Pro paper tables are serverSide AJAX and render empty to any static fetch - browser render still required.",,,,,
RYF,South Western Ambulance Service NHS Foundation Trust,South Western Ambulance Service;SWASFT,Ambulance Trusts,South West,-,Joe,https://www.swast.nhs.uk/board-meeting-schedule-and-public-papers/,"Pattern A (and F: wrong URL fixed) — the validator-flagged URL https://www.swast.nhs.uk/our-board/board-meeting-schedule-and-public-papers returns HTTP 200 but renders no papers (it is the About-us submenu shell), and the /welcome/our-board/ variant 404s; the correct LIVE page is the flat https://www.swast.nhs.uk/board-meeting-schedule-and-public-papers/ on the org's own domain. That landing page lists dated 'Board in Public' agenda-pack PDFs directly (1 May 2025, 3 Jul 2025, 11 Sep 2025, 6 Nov 2025, 8 Jan 2026, 5 Mar 2026, 7 May 2026) plus a forward schedule of upcoming dates whose packs are uploaded ~1 week before each meeting. Quirk: the /download/ PDF hrefs only resolve WITH their query string (?ver=NNNN&doc=docm…pdf); the bare slug (…pdf.pdf) 404s, so packers must keep the full href including the ?ver=&doc= params. PDFs are large (>10MB).",False,/board-meeting-schedule-and-public-papers/;/download/agenda-pack-board-of-directors-in-public-{date}pdf.pdf?ver=&doc=docm;/download/agenda-pack-board-in-public-{date}pdf.pdf?ver=&doc=docm;Board in Public Pack {month} {year},/our-board/board-meeting-schedule-and-public-papers;/welcome/our-board/;/news/;/publication-scheme/,2026-06-04,papers_found,"Flat landing page lists 2025-26 dated Board-in-Public agenda packs and a 7 May 2026 pack PDF downloaded successfully (exceeded 10MB fetch limit, confirming a real large PDF).",,,,,
G6V2S,North London NHS Foundation Trust,North London FT;North London Mental Health Foundation Trust;Tavistock and Portman NHS Foundation Trust;Tavistock and Portman;Tavistock,"Mental Health & Learning Disability and Mental Health, Learning Disability & Community Trusts",London,North Central London,Matt D,https://www.northlondonmentalhealth.nhs.uk/meetings-and-papers/,"MERGER: Tavistock and Portman NHS FT (RNK) dissolved into North London NHS Foundation Trust on 1 April 2026; tavistockandportman.nhs.uk is retired and 301-redirects to the successor homepage. The RNK row was retired on 2026-08-22 and folded into this one. Current packs at northlondonmentalhealth.nhs.uk/meetings-and-papers/, archive at /board-papers-archive/. Board meets bi-monthly; click a meeting date to open the combined agenda/papers PDF. Static fetch works, no Playwright. North London FT was itself formed in November 2024 from Camden and Islington FT (TAF) and Barnet, Enfield and Haringey Mental Health Trust (RRP).",False,Board papers - {Month Year};board-papers-{month}-{year},Extraordinary board papers;archived website,2026-08-22,papers_found,"Landing validator 2026-08-22: papers_found - 16 dated PDFs, 0 year archives, 0 meeting sub-pages visible on the landing (HTTP 200).",RNK,2026-04-01,,,
K0N6A,The Online NHS Trust,,Online / Digital,National,,Ella,,,,,,,,,,,,,
